text,intent,severity
@793766 Yes they did Jake. - Natalie,other,1
@191528 Thanks a bunch for sharing your details with us. We shall work on your issue and get back to you at the earliest. We appreciate your cooperation here. ^CB,other,1
"@145669 Hi. There are no direct trains to Maidstone, you can check your journey here as to which Maidstone station you're traveling to.",general_query,1
"@309872 Hello, Phil. In the interest of protecting your privacy, I've responded to you through DM. Please review your messages. ^CK https://t.co/q1oBDuYAdh",other,1
"@NikeSupport It is not showing any error! I have to manually add my guided runs to the activities. It records entire run,give me stats in the end...",technical_issue,2
"@365754 Hi Bob. Please try resetting your DS4 controller, Steps here: https://t.co/NEyEZL7irb
Let us know the results.",technical_issue,3
Bro I fucking hate apple my home button just stopped working out of no where. FUCK YOU @115858,technical_issue,3
"@AmazonHelp I ordered 2 items that arrived broken, one was replaced and the other was out of stock so I waited until it was back in stock to get it replaced. When I ordered the replacement for the 2nd item they sent the other item that was already replaced. Its a movie, it's been opened.",shipping_issue,3
@220970 Thanks for checking. Our iTunes Team can research this further. Please contact them directly here: https://t.co/SDIe7UiyJN,technical_issue,3
"@214512 Hi, Kelly, it looks like our Reservations team is taking good care of you. Please continue working with them.",other,1
@746653 Hey Eli! Help's here. Can you DM us the email addresses registered in your accounts? We'll take a look backstage /MG https://t.co/ldFdZRiNAt,other,2
"@428085 Hi there! Were you able to finish the preorder process? Please send us a Direct Message, so that we can further assist you. - JL https://t.co/rMApsV8PQY",other,2
"@153468 Sorry for your experience, did you have seats reserved? ^MM",other,2
@Morrisons why hasnt anyone replied to my previous tweet????,other,2
"@221198 Gracias por la información, ¿el producto es vendido y enviado por Amazon o por un vendedor externo que utiliza nuestra plataforma? ^LC",other,2
@AmazonHelp Cette fois c'est #laposte du coup je suis même pas étonné...,other,2
@375356 We're so sorry this happened!,other,2
@662933 I'm sorry the order didn't arrive today! Please reach out to us by phone here: https://t.co/JzP7hlA23B so we can take a closer look into this with you. ^AH,other,2
@757366  Which iOS version are you currently running? Go to Settings &gt; General &gt; About for the version.,other,2
"@147247 Hi, Ashira. We have replied via DM with some information, please follow up with us there.",other,2
"@718073 Thank you for the picture. If the Eagles game is frozen can you reboot the cable box by removing the power for about 10 seconds?
^HSB",other,2
@340383 ...updates. 2/2,other,2
@803591 Ich gebs gern weiter. In der kompletten Staffel oder nur in einzelnen Episoden? ^BL,other,2
@AskeBay Ouch !....we wouldn't want that would we?....but you are allowed to put your phone no. In an Ad ?,other,2
AYO anyone work for sprint I got questions LOL,other,2
"@362819 Not at all! Take a look here for all the features, and where to find them: https://t.co/mgtQSijbmx",other,2
"@531131 Hi Stephen, I am so sorry to learn about this issue with the missing profiteroles. I would like to get this logged and a refund out. 1/4",other,2
@116253 after they said my online order wasn't placed and after I waited 30 minutes I get home to this bacon.... sad! https://t.co/sA4qcAZSdD,other,2
@AskPlayStation Ok this told me nothing... Like what?,other,2
@O2 Okay. Thanks for trying. It must be frustrating for you guys as well not being given any details to be able to pass on.,other,2
"@GWRHelp cheap tickets or not, no heating, no power to the sockets &amp; no reservations, asking people to walk about to find a warm coach is a joke... next you'll be asking us to cuddle for warmth 🤤",other,2
@AlaskaAir I understand delays. Failure to provide timely updates is the irritation.,other,2
"Hey @116062, I see this is priced on the floor at $349 but it rings up at $599. Are y'all going to honor the pricing? https://t.co/6ft7mPeItu",other,2
@TMobileHelp How am I on the right place when I’ve jus been #scammed by you? Lmao wtf,other,2
"@DropboxSupport I'm seeing shared folders in the browser view of my account, but they are not pushing out to my local machine. How to fix?",other,2
Where there's blame there's a claim @356580  #R1TeenAwards https://t.co/mYfLd1a18i,other,2
"@480663 Entiendo javi, ¿has contactado con el transportista directamente? ^MB",other,2
@UPSHelp Are you really that clueless. The orders you are bungling are repeat b to b orders from major automotive source and it seems you can't get a packages out of L'ville on time.,other,2
@GWRHelp @132409 @127298 Clearly you need more staff. This is a long term issue that Mark Hopwood has previously said GWR need to do better but clearly nothing has been done as usual.,other,2
Nawww @139432 is this years star of @marksandspencer Christmas ad #lovethebear https://t.co/501jV4Bjb6,other,2
@AmazonHelp Apparently it has even been sent out to delivery. The only information I have is it left the facility in Colorado 2 days ago in the early morning…,other,2
@British_Airways Hi Kiran - unfortunately I am unable to DM you. Please could you DM me for me to send you those details ?,other,2
"It's amazing how many problems I have had with my iPhone 6, starting the same exact day the iPhone 8 came out.  #SketchBalls",other,2
Where do i make a complaint about a location ? The Chicken was cold in my burrito and Guac looked greenish brown- not normal.. @ChipotleTweets,other,2
"@407745 We'd like to look into this with you in real time, Juanita. Please contact via phone or chat here: https://t.co/hApLpMlfHN ^BL",other,2
@hulu_support @167276 When it takes 5+ selections to get to an episode you want to watch it's not user tested.,other,2
"@328692 Hey Rusell, we see our colleague has reached back out to you on the ticket, requesting more details. Please check your inbox for our... 1/2",other,1
@425953 I understand and thank you for the update. I am glad a tech is there now. I can follow up with you to see how everything went.-JC,other,2
@116016 I can’t even buy a bottle cause you fuck ass niggas taking hella long to send me my new card smh,other,2
@525112 Thanks @TMobileHelp for releasing this right after I bought the V30,other,2
"@Uber_Support @119983 I left my mobile inside cab, cab driver has accepted he has the mobile.. though he is no mood to give me back.",other,2
@SouthwestAir we’re already rebooking elsewhere. We spoke with customer service on the phone and were offered zero help,other,2
"@436146 Hi Selina, sorry for this. Can you contact the guard on the train, please? ^GV",other,2
@783441 We have sent you a DM.,other,2
"@773447 Good morning Alyssa. I'm sorry for the delayed response to your post. If you would please DM your account or phone number for me, I will be happy to look into this for you. ^MO",other,2
@AmazonHelp can you pls give me the link from where i can enable the  Saavn skill for Alexa?,other,2
"@251003 Oh no, I'm sorry your order is late! Have we updated the expected delivery date on your order? Who is the carrier for this delivery? You can check that here: https://t.co/Y5jpI9ys9c ^EA",other,2
@333470 Hi Vandana. Correction is done.May refer to your email for the updated itinerary.Thanks-Emir,other,2
"@115850 Hey Hi!
Don’t know what’s happening with my order it says arriving today since yesterday and today. Also delivery person’s number is wrong!",other,2
@169981 恐れ入ります。ツイートでお相手をしていただき、ありがとうございました。(調子乗って絵文字を使いすぎないようにしなきゃ…)O o｡.(´-`*) RI,other,2
@256011 Hey there! I'm sorry to hear that this has occurred again. Please send us a DM with more details and I'll be happy to assist you to the best of my abilities! ^SB,other,2
@370430 We're very sorry for the long lines but we'll have you to your gate ASAP. We appreciate your patience.,other,3
"@432362 Hello Kelsey, here to help! Send us a note via https://t.co/aJtaJUwNEK and we'll be in touch.",other,1
Ordered on 11 Oct; still waiting for product. What a service @115850,shipping_issue,3
I admit it: I am digging the retro TWA tail logo on this @AmericanAir @116705 737 https://t.co/4Y7rJeQwjh,feedback,1
@SouthwestAir totally sucks!! Had my professional camera broken by their baggage handlers and they refuse to pay a measly $129 bucks to repair it. Never flying with them again! 😡,shipping_issue,3
I️ haven’t updated to 11.1 yet and my phone started yesterday autocorrecting with the square question box in a lot of my text. @AppleSupport,technical_issue,2
@AppleSupport Any reason why Spotify lockscreen widget and slide up menu functionality is gone with new iOS update? #CmonBruh,technical_issue,2
"@British_Airways Nonsense, you don't give a shit about your passengers... I speak from multiple painful experiences! You won't last long if you don't change!",feedback,3
"@115873 @Uber_Support please assist, being prevented from using uber by metered taxis. Physically preventing me from getting in to the uber car",other,3
@AskAmex,other,1
@302336 I'm sorry for the delay! We strive to deliver by the date given in your confirmation e-mail. Have we missed that ^TK,other,2
@516331 The timing is at risk. There is a later flight we can book you on if you would like us to make the change at this time. *AJL,other,2
"@500460 Hi, Alison. Glad to see you got a cheaper deal, but sorry to say expiration dates are final and we're not able to alter them. ^AC",other,2
@119625 Any plans to add Kannada movies? Not finding even a single Kannada movie on Amazon prime video. really disappointed..!!😢,other,2
@AppleSupport I will.,other,2
"@410298 Hi Edward, here are the pricing details: https://t.co/irJeJkJEoC You can ask further Q's here: https://t.co/8HGUoHsSmF 👍 ^TI",other,2
"@526095 Apologies, please contact us here: https://t.co/JzP7hlA23B so an agent can look into this further for you. ^JJ",other,2
".@AmazonHelp I bought a Kindle 10 on Friday, now it's on saw for $50 less- what recourse so I have to get the $50 back?",other,2
I fucking hate banking with @116016 such a stupid ass bank,other,2
@789487 We'll try! ^MW,other,2
@AmericanAir are you guys waiting until my vacation is over to send me my bags that you forgot to put on the plane? Thanks🙄,other,2
@575844 Could you DM your record locator? We'd be happy to check on the flight status.,other,2
@387788 We’ve got our winners but there’s another chance at 4pm on Oahu. https://t.co/6XPuIi3dkQ -Shannon,other,2
.@comcastcares {New Rule: Every day I post speed result until its fixed} My @55 result! How slow is your net? https://t.co/pacpY9uWFQ,other,2
@618648 We're happy to help with this. Send us a DM and we'll go from there. https://t.co/GDrqU22YpT,other,2
@526048 I'd like to see what I can do to help. Pls click the link below to send your name/zip/phone. ^nb https://t.co/CoOXedUuUC,other,2
"@AmazonHelp My friend, am just suggesting to provide ""made in"" in the tech.specs. Thats all,if i want to purchase sumthing, i must kno where its made in",other,2
@794308 This isn't what we like to hear! Have you received an updated delivery date yet? ^BH,other,2
@713755 Do you have a preferred time? Weekday or Weekend? - Jordan,other,2
@AirbnbHelp I’ve just sent you a rn,other,2
@VirginTrains Well Done Virgin a few years when the Shrewsbury to London was launched the driver allowed me to have a photo of me in the Cab it wasamazing,other,2
@AppleSupport I did love lol,other,2
hello dear Apple team skin times but an update out so that the battery does not go so quickly empty @115858,other,2
@Tesco I've already emailed through a complaint. You've probably stopped stocking it to try and push people into buying your own brand milk.,other,2
@458358 We appreciate your interest. Please visit https://t.co/V3uQr9GYKV for more info on our products. Thanks. ^vt,other,2
@SpotifyCares @125633 Hi I reached out through email weeks ago requesting an artist separation. Still haven't heard back. Pls help,other,2
@VerizonSupport getting this message on the Watch ESPN App. Help! https://t.co/4htK77l7TO,other,2
@AmazonHelp Will do.,other,2
"@353132 As I mention before, we are currently looking into this issue. If you want me to add your case to our records please...^RN",other,2
@airtel_care hello. Pls for the past 3 days my line refuses to connect to any Mtn line. I can call other networks though,other,2
"@457528 Hey Sharron, saw your tweet! What seems to be the issue? What's your printer model and windows version of your PC?...1/2",other,2
@AmazonHelp Didn't recieve any response from your feedback team,other,2
"@809240 If you haven't received your package by Thursday, please don't hesitate to reach out to us here: https://t.co/hApLpMlfHN ^LJ",shipping_issue,2
@Uber_Support Thanks!,feedback,1
@544269 $1/month for service is robbing you blind? Tell us more....,billing_issue,3
"@797159 Were you able to check here, https://t.co/8LOVETaUnZ ,for that availability? ^RMD",other,1
@115858 this is the worst upgrade. Full of glitches. red pixels on the mid top left of the screen. Loading bar looks abnormal. #HighSierra https://t.co/5hUh5sF1Tk,technical_issue,3
"Omg why is the 7.51 to London Paddington cancelled!! 😡🤬 More trains needing repairs at the same time?! WHAT! I now can’t get to work until 10.30, over 2 hours late! I assume I will be refunded? I have a monthly ticket as well. @GWRHelp",shipping_issue,3
@408113 Hi Tiffany. I have responded to your DM's. :) - Alisha.,other,1
"@276756 Hello Terri,  Are you testing your speeds wired or wireless?
^NHP",technical_issue,2
"got [REDACTED] coming in the mail to my apt today, which is doubly perilous since 1) UPS ninjas are delivering and 2) folk steal mail here",shipping_issue,3
@ChipotleTweets Bring back Chorizo! That was my favorite meat on the menu :/,feedback,1
"@696374 Hey, Cliff! Our team is still investigating and working to have a resolution ASAP. So sorry for any frustration this has caused!",other,2
@British_Airways Update every 20 years then,other,2
"@297813 Hi there! We're still not available in Saudi Arabia, but we're launching regularly in countries around the world. Sign up here to be first to hear: https://t.co/XDwWzj7cLP /BM",other,2
oh ffs @British_Airways can it really beyond the wit of a big company like yours to answer the phone within 15 mins? Is the saving on call staff cut backs worth the negative customer view? #talktoyouraccountants,other,2
"@167969 I'm happy to check for you. You can always check the status online at https://t.co/qAC5kL7WBd under ""My Account"" or with the XFINITY ""My Account"" app on your cell phone or tablet device. -EM",other,2
"@idea_cares Customer care @ https://t.co/T2UbURmzi8 is pathetic. Charges 10rs for 4G sim, post to pre conversion etc. Please take action.",other,2
"Uber canceled on me as I walked up to the car , wow @115873 Mahabubul in the silver Chevy Malibu is a DISGRACE",other,2
@282974 Here to help! Send us a note here: https://t.co/dwDjAokZht and our team will be in touch.,other,2
If you like to play with your money buy a chair in Argos_Online you always will loose ArgosIreland_PR,other,2
"@419223 Our apologies for the less than ideal travel experience today, John. Please DM us so we can follow up. ^MK",other,2
"@650534 As informed you that Please visit Idea store for further assistance. Regards,Sneha.",other,2
"@British_Airways delay out of Valencia to LGW, have connection at 8pm to Belfast. What to do?",other,2
@AmazonHelp @115851 [1/3]ANOTHER FRESH CASE. SAFE-T CLAIM TEAM DENIED CLAIM WITHOUT EVEN CHECKING THE FACTS. WHAT KIND OF HISTORY AND PATTERN YOUR https://t.co/HrMg6nEPzv,other,2
Female pilots rock! @Delta https://t.co/GHqCMoV8Ga,other,2
Dear @115714 I am not sure if I can continue to be a loyal customer. I have been with you since @115714 acquired Nextel. https://t.co/tXjOpqWsYp,other,2
"@SouthwestAir Back in '05 when hurricane Rita was coming I used points to book a flight out of HOU. We drove with no traffic to Hobby, then got into the biggest security line ever. 4 hours.  only made the flight because SWA flew in more gate agents to help with security.  Traffic avoidance",other,2
"@JetBlue Not even food for hours. Delays since 3 pm. Kind of a fail to not even cover food with delay after delay, flight change, airport change...",other,2
"@AppleSupport Why?

I just spoke to your Exec and got told to get lost over this issue. Waiting on @116333 to replace device.

https://t.co/yoE5WRVmKG https://t.co/8kEQKbmmgv",other,2
@343341 Please reach out to us here so we can help you out https://t.co/hApLpMlfHN ^KM,other,2
@Uber_Support It's saying it takes 24 hours for a reply great customer service !!,other,2
@524444 From there you have the option to do an 18 month Lease with sprint Flex or pay full price for the device. -Felicia R,other,2
"@528286 Hi Emy, we has resend the itinerary to __email__. Check it out . Thanks- Mariya",other,2
@150400 @VirginTrains @751781 We can make it longer Ethan? ^KM,other,2
"@624515 We'll translate to the best of our abilities, but can only respond in English. Can you DM us with more details? ^MB",other,2
@686905 No problem. If you have any further questions or need any other assistance please reach out to us. -STS,other,2
@394505  There is no info to share at the moment. Feel free to keep an eye on the PS Blog for news and updates: https://t.co/aLtfBAztyC,other,2
"@AskCiti I will try all my technology is infected with spyware. I reached out because I'm cut off from normal private and social interactions. And I can't trust mail via USPS. My family are victims of arranged corruption and torture.
God bless you.",other,2
@129632 Can I also have your permission to pass these details to the supplier? TY- Charlotte 3/3,other,2
"@ChipotleTweets I went there last night to get some food. I asked for a bowl. I asked for lettuce to be put on top, I didn’t get that, the guacamole tasted horrible and very very soft, and there was corn inside my bowl which I didn’t ask for.",other,2
@O2 Thanks,other,2
Get your crap together @AppleSupport what is this mess https://t.co/bdbfX2mPlO,other,2
"@795248 Yes, you are allowed to bring your laptop. Please do not check it with your checked luggage.  *TMS",other,2
"@484209  Hi, we are sorry for the inconvenience. Pls visit the financial center where the ATM was located for additional assistance. ^am",other,2
"@242772 Hi there, we're sorry to hear that. Have a chat with us here: https://t.co/Cmkj1UKBJt and we'll take a look for you.",other,2
.@115913 @115911 Your returns warehouse lost my defective iPhone 8. They say they never received it. Tracking number says otherwise.,other,2
@Ask_Spectrum Yes dm= direct message it’s a twitter term...,other,2
@297564 query including your Customer Relations case reference. We'll take a look at this for you.^Jo 2/2,other,2
@116827 Really WF? $30 to wire $? WTF? Is that necessary? Come down from your cloud &amp; do something good for the American middle class.,other,2
@CoxHelp Why is my bill going up again?! And without notice! I can't afford this anymore! This is outrageous!,other,2
"@116216 No puedo realizar otra compra desde mi ps3 por PayPal ""revisar historial de transacciones"" ayuda!!!!",other,2
WHY TF IS THERE ONLY TWO BANK OF AMERICA ATMS!!! ???,other,2
@319237 Please connect with our kindle support team here: https://t.co/2sSkrrzAmv and we'll be happy to help. ^SH,other,2
"@665345 Apologies, has the tracking on your order been updated since yesterday: https://t.co/aaDyEz1VgE? ^JJ",other,2
@236386 @117627 We would reply you on that. ^GM,other,2
@SouthwestAir please enforce the family boarding policy. So frustrating when my 13 year old traveling alone has to board after families of 8 with no kids under the age of high school senior.,other,2
"@115783 what is it with your company and Indian card payments , can’t seem to add a payment method as a debit or credit card! Pls advice",other,2
"@793291 I'm sorry for the frustration, Andrea. While we can't reinstate canceled orders, we'd like to look into this with you. Please contact us via phone or chat: https://t.co/JzP7hlA23B ^KB",other,2
"“packages may arrive 36 hours after they’ve been reported delivered” ?? ¿@115821, what is this horseshit? Do you really not know where your OWN delivery service put the thing? How about: they didn’t deliver it but marked it delivered to meet their ridiculous metrics?",other,2
"@764251 Hi Mosa, let's see what we can do to help! Have you gone as far as being locked out of your account? ^PM",other,2
"@290593 link https://t.co/mtlyvnWpph, reply in direct message https://t.co/39tixhtuXP. 2/2 ^Susan",other,2
"@291897 Good evening Rodmehr, what menus were you trying to get to? ^RMD",other,2
Of course @SW_Help would make getting refund for train delays more complex. Now need to indivially apply for each delay within 28 days 😡,billing_issue,2
@301171 Rest assured our technicians are working diligently to get your service restored as quickly and efficiently as possible.^TwaC,technical_issue,3
@696810 Hello. We do not have a scheduled release date at this time. ^er,general_query,1
"Got a couple damaged boxes of products that I collect, which option do I choose under return to get replacements instead of refunds for the products? @AmazonHelp https://t.co/hacdoLCtHK",shipping_issue,2
@115956 If you change you're mind please let us know. ^RR,other,1
@533013 Glad to hear that! Thanks a lot for working with them.,feedback,1
"@467421 Hi, please share the M-sa confirmation text received we check.^WW",billing_issue,2
@sizehelpteam hi had an issue with my Adidas Koln order's just now regarding the address and the post code. Could I DM you to ammend this  ?,shipping_issue,3
"@139114 That's odd, Emma! Fast data speeds are super important to me so I'd love to figure this out for ya. DM us here so we can look into your connection with you. *BlakeT",technical_issue,3
@AmazonHelp Todo jaja 😊😊,other,1
@AmazonHelp No directly from amazon,other,1
@450436 Hi there Cathie. Really sorry for any discomfort caused. This was due to more trains than usual being in for repair - Josh,technical_issue,3
@246638 hey man,other,2
@182880 Hi there! Please reach out to https://t.co/zUe0dj6yoX and fill out the 4 boxes at the bottom so we can get in touch.,other,2
@119350 It is our pleasure assisting you. Do let us know in case you face any further issues. ^KS,other,2
@115858 ever since i update my phone i been having all these issues. What’s the problem,other,2
@205733 possiamo avere maggiori info? ^BC,other,2
@MicrosoftHelps No. Turns out a big Windows update was downloading in the background. That might have been part of it.,other,2
@642714 @XboxSupport is there a problem in the hdmi cable like a kink or plugged in slightly wrong?,other,2
"@195059 any service center refuses to honor the warranty, and if a customer helps us with a service denial letter (2/3) ^KA",other,2
@690186 We'll be happy to help with this issue. Check out this article: https://t.co/8MvHMFZ83h Still need help? Send us a DM using the following link: https://t.co/GDrqU22YpT,other,2
@260503 We currently do not have Kannada content on the service. Please stay tuned as we expand our content selection.^VH,other,2
@AmazonHelp I haven't signed up to prime. Accessing my bank account without my permission is surely classed as fraudulent activity or theft...,other,2
@idea_cares  Getting 2G services in a City Like New Delhi .Should I port to @30938 or @1399  for 4G services ? https://t.co/6AEN718Xpq,other,2
@131434 is comprising @117473 users by sending our login details via San Francisco IP when were in the UK. This put a fraud block on my account FIX UP!!!,other,2
@British_Airways trying to book one way flight why is it over £200 more expensive to book one way from spain to London than it is if I wanted to book a return very unfair!,other,2
@AppleSupport Are you guys going to answer me or?,other,2
Where’s the Spotify video for Wolves?,other,2
@685451 Hey there. I am very sorry about this. Please give me a moment.  *HFG,other,2
@118424 @airtel_care 08089539453,other,2
@573932 Excellent question! We need to take a look at what plan you have on there so we can get you taken care of. Please send a DM. *JPL,other,2
@idea_cares @118471 2/2 need my money in idea wallet or activate data plan,other,2
.@116136 getting an error XRE-03121 Help please,other,2
"@151289 We see both of your messages. We're glad all is fine, but if you should need us, just reach back out. We'll be here for you.",other,2
"@marksandspencer Seems a shame to appropriate the festivity without any inclusion of meaning, even within a secular society. Hope it doesn't bite you.",other,2
@230383 Were you able to repro the bugs you were running into? ^DO,other,2
@AmazonHelp Yes,other,2
@AppleSupport updated iPhone 6s to latest firmware  phone is now constantly locking up despite constant resetting #applesucks https://t.co/KzEtFY0Gbf,technical_issue,3
"@SpotifyCares US
Visions of Gideon
Mystery of Love",other,2
"@675210 Hi there, We are unable to service or locate your Bluebird Pre-paid card via twitter.",other,2
"@AmazonHelp Si, me indican reembolso realizado el 31/10",other,2
@254556 Sorry for the trouble! Send us a note via https://t.co/e8HVorX5rh so we can connect.,other,2
"@390901 Thanks for checking on us! We haven't had any reported outages, though! Are you receiving an error? ^LB",other,2
@115873 your app is frozen this is very difficult for my uber driver to get me home. It’s 3:19 am. https://t.co/cxzbmzMbfH,other,2
"@189612 We don't want to lose you, Todd. We're committed to getting you some options that work with your budget. DM us so we can explore. *WhitneyJ",other,2
@Tesco Why don’t you reply publicly so everyone can see how poor your customer service is?,other,2
@VirginAtlantic @Delta A previous flight. I've contacted @Delta @VirginAtlantic multiple times and have been waiting weeks for a response. The flight was the 12th September. Please let me know how I can get a response!,other,2
@ChipotleTweets y’all couldn’t have texted about the app that gives rewards before I bought lunch there ?????,other,2
@Tesco Can you only order your gift card in £20's?,other,2
"@372750 Please don't provide your details, we consider it personal information. Our Twitter page is visible to public. ^HD",other,2
For the love of god @115940 change up your ads a little bit for your shows. I’ve seen the same 2-3 commercials literally 89 times in the past couple of days 😑,other,2
@XboxSupport Sorry but I brought a Xbox Live card (12 months) and not added my other 2 months for my last suscription :(,other,2
"@124422 Do you know what version of the iOS is on the device? Also, is it only the Snapchat notifications that pause the music? Let us know in Direct Message. https://t.co/GDrqU22YpT",other,2
"@197211 We hope this makes the highlight reel, Meg! Thanks for sharing and thanks for choosing Southwest! ^JB",other,2
@Ask_Spectrum Regretfully I've tried that only to be transferred to the wrong call center.   Can you please help me,other,2
"@183888 Hello, Nicklas. Sorry for the inconvenience. If you need any help, let us know.  *ARD",other,2
@371545 Sorry to hear of the trouble! We're following up with your DM now. https://t.co/SXpdictw1A,other,2
driver quoted excess fair. Waited.on cancelling the trip I was charge Rs 36. Kindly get it refund.@115873 @116288 @119983,other,2
@153030 We see our airport team has you rebooked with confirmed upgrades on later flights. Our apologies for any inconvenience caused.,other,2
"@115873 yo, so do I get free rides for life since one of your drivers hit my parked car????",other,2
"@197062 This isn't what we like to hear! Are you currently having an issue? If so, can you give us more info? We're here for you! ^KJ",other,2
"Since 2010 we’ve hired 13,000 military members and our commitment continues to grow. https://t.co/7rHLtwha5B",other,1
#Altrincham was busy this morning. Took me over 2 hours to do a food shop. I blame Mildred in @marksandspencer for blocking aisles talking 😂,feedback,1
@116450 doesn't bother to put gate #'S on departure screens at DCA. Just another reason why I fly @Delta,feedback,3
"そして、またもやノートンさんのツールバーが使用できない。
なんかなあ…。
とはいえ、edgeやIEは更に使いにくいので、まあしかたがないかなあ…。",technical_issue,2
"Airport Architecture at Istanbul Ataturk Airport, waiting for @british_airways to… https://t.co/9lmU2nD8T5",other,1
"@AppleSupport iPhone 6S Plus running iOS 11.0.3 so far I only experienced this while recording gameplay+first&amp;last few secs of vid are fine, mid is frozen",technical_issue,3
"@696650 Hello, the product you were looking for is not referenced on our site, that's why you have the closest result to this category. ^BR",general_query,1
"@VirginTrains Advised of a £10 admin fee. Once only once transaction went through they revealed £10, per person, per ticket. Out and return.",billing_issue,3
"@GWRHelp train from Bath Spa - London Paddington ridiculously packed. So busy &amp; airless I fainted before stop at Reading, slumped in aisle!",feedback,3
"@732661 An update was released a few hours ago. If you haven’t yet, please back up your device and update it to iOS 11.1.2. For more info, check out: https://t.co/4f8hwT5to6",technical_issue,3
@130129 So can we pay indian #Paypal account with other indian paypal account? Or is it just for merchant payments?? @AskPayPal @115993,other,2
"@120251 As informed earlier your Ref C1-100395569233 status is still in progress.We will get back to u soon with an update
Rgds,
Komal",other,2
@622127 Look at that view! Thanks for sharing this with us! Have a wonderful flight.😄 *AJC,other,2
@AppleSupport now since your updates the camera isn’t working properly on the iPhone7,other,2
@CenturyLinkHelp I’m on to my fourth person on customer support online.  Are you going to be able to do more than tell me to reboot my modem?,other,2
@221409 Unfortunately once a particular fare sells out we are no longer able to honor that. We regret the inconvenience. ^VP,other,2
@hulu_support Still having issues after going through troubleshooting. Trying to watch football but constant buffering and stuttering issues. Any word on if this will ever improve?,other,2
@Ask_Spectrum @Ask_Spectrum your customer service line hung up on me when I wanted to speak to a human. Is the system designed for frustration? To make bills overdue?,other,2
Terrible job by @AlaskaAir today. Failure to give honest information. Grrr,other,2
"@AmericanAir This response is boiler-plate and inadequate. When AA is at their very best, they’re stellar. This was not your very best.",other,2
"@AppleSupport @574435 Same.

No reason the average consumer should have to be trying to fix our phones because of your software updates.",other,2
My lyft driver is high af.,other,2
"@AirAsiaSupport But I still couldn't use the credit
Can you help?",other,2
"@DropboxSupport @10680 Thanks, I have opened an API ticket. Hopefully your colleagues will be able to fix this :)",technical_issue,3
"xbox live keeps disconnecting dakdhfjskfh JUST LET ME DOWNLOAD MY PURCHASED WITH REAL MONEY GAME, COWARD",other,2
"@800257 If you need assistance, please use the link provided to DM us your tracking and contact information. Thanks ^AD https://t.co/wKJHDXWGRQ",other,2
@115850 shame on Amazon India for cheating the customers. Offered cash back of Rs.1200 on buying Groceries worth Rs.5000 under Amazon Super Value Day. Bought Groceries more than 5000 in May but failed to give cash back even after mote than 10 complaints.,other,2
@AdobeCare I'm on a MacBook Pro version 10.12.6,other,2
@551892 Are you not getting your badge notifications on your apps? We can help with both this and your music controls in DM. https://t.co/GDrqU22YpT,other,2
@AmazonHelp It should be a public matter. I have tried of calling Amazon customer care but havent received my money back.,other,2
@115802 https://t.co/wZ9Pw1nc3x,other,2
@391623 Hi there! Let's check out our guide here for this error code that you're seeing https://t.co/sdxuEV9yCE ^TJ,other,2
@AmazonHelp https://t.co/auLTka5dhJ,other,2
@331200 Check out the response.^TT,other,2
@693762 Thanks.  *AJZ,other,2
"@413184 Hey there, please call us for assistance with this issue. You can find our customer service number by scrolling t... https://t.co/e94r9Pan9G",other,3
"Love how @116062 gave me the run around with their lovely policy on only returning to the same location you made the purchase at in first 24 hours. I was told, ""it's not in our system yet"" Thanks for making an already stressful day, even more stressful! NOT! #CustomerService",feedback,3
"@428433 Are you getting any error message? Please direct message us with more information about what you are seeing. ^SN
 https://t.co/EYpi1mphGM",technical_issue,2
"@324045 PayPal account and PayPal credit exists in their end of the payment process. LMK if the troubleshooting helps, though! 3/3 ^K",billing_issue,3
@421724 you please Direct Message us about the additional help you need? https://t.co/SS2AcJOEWS  2 ^JI,other,2
"@619023 Reach out to us via DM and let us know about all the issues you're currently experiencing, then we can help resolve them! https://t.co/GDrqU22YpT",other,1
@392820 @115888 That would be nice too... not to mention videos etc.,feedback,1
"@201822 Hi! Let's sort this out, Sam. We've found a link that can help you resolve your concern. Check this out: https://t.co/CgWGqmkMgr.",other,2
@503411 @AppleSupport Haha it did it to your tweet 😂,other,1
Can you trade your phone to upgrade if it’s cracked @115714,general_query,1
"@226386 Uh oh! What episode are you viewing, and on what device? Do you happen to recall the captions error, or a timestamp? We'll investigate!",technical_issue,2
"@AirbnbHelp No thank you me a person that has knowledge about you guy computer F*** up and mistakes . Get me someone that at least took the time to learn about  the issue, that wont ask me “ so what do you want “ ? Or at least one that wont deceive me or lie and than take a day off",feedback,3
I SPECIFICALLY chose @116245 at #TottenhamHale to pick an urgent order up today because your website says open till 9pm. It’s 8.10 and closed. I needed this for #tonight. #badcustomerservice please give me #complaint address,shipping_issue,3
And the match resumes! And I am still without washing powder. @sainsburys is there a minimum order for online shopping? #TheGoalsPoll #ENGBRA,general_query,1
@133343 @4100 @Morrisons @sainsburys Hi. I will try to contact Toton for you as you fall into their area. Let me know if you haven't heard anything by this afternoon,general_query,2
Yo @Delta tell the pilots of DL2576 they performed the best and smoothest landing I have ever experienced,feedback,1
@379410 We can gladly review your account if you would please DM your name and zip code. ^JD https://t.co/znUu1VJn9r,account_issue,2
@Delta is https://t.co/7o33vfkIzS down? I’m getting access denied.,technical_issue,3
"@555718 Hi Sanjiv, apologies for the inconvenience. We can see the flight arrived slightly early today, and there have been some issues with 1/2",technical_issue,2
@Delta Sent,other,1
@638085 If you have your receipt you'll be able to return them if they're in an as sold condition. TY - George 2/2,general_query,1
aPEARently these are in date.... @Tesco Surrey Quays trying to poison me this evening with their less than PEARfect food! https://t.co/G2Nc7wtkgx,feedback,3
@AppleSupport battery on my iPhone 7 has been draining super fast since latest 11.0.3 update. What happened?! And how do I fix!,technical_issue,3
@183618 Hi apologies for any inconvenience. Is this concerning an account that was opened in Australia? Pls do not release any,other,2
@sprintcare Ive never has sprint. Sorry.,other,1
@Delta ever since I got an email from you saying I’d get Zone 1 for all my Business Travel I’ve only had zones 2 &amp; 3. What’s up with that?,other,2
@118571 That's very concerning. Please tell us more so we can investigate: https://t.co/Ax7W1Dx3Y9 -Becky,other,3
@538053 @115786 We would not have any content to give out here. We'd keep an eye on https://t.co/1QSni2pd7h for updates on giveaways and sweepstakes. ^IS,general_query,1
"@AmazonHelp on the status of my order, it tells me I'm only receiving the ""Welcome to Amerika"" pack. It's a little confusing, seeing as the email says",shipping_issue,2
"@116136 @comcastcares
#comcast charges English speaking customers more than Hispanics speaking? How is this okay? “Latino package” is cheaper than non-Latino packages! #Wow",billing_issue,3
@428283 Thanks Claire. I'm sorry again for the issues. ^DB,other,2
@573802 What time is the bus? ^RD,general_query,1
"@712648 Hi Andrew, Kevin and Katie soft toys will be for sale in store from 23rd November.",general_query,1
"@Safaricom_Care 
Mambo saf..imagine hakujakuwa na net from two pm mpaka sai..btwn thika and ruiru...Mimi niko juja na the situation hasn't changed since two..it's now seven hours later",technical_issue,3
"@AirbnbHelp Thank you, already did.",feedback,1
@294105 I would be happy to assist with any account questions or concerns. Could you please send a DM with your account info? -CRP,other,2
"@AmazonHelp es vendido por un externo de amazon, pero es enviado por ustedes.
de igual forma el producto decia que estaba en stock, y se supone que ya lo hayan enviado.. Porfavor ayudarme, he tenido el mismo problema con ustedes siempre, nunca envian los productos a la fecha prometida.",other,2
"@439732 Let's check and see if you have a beta profile installed, as shown here: https://t.co/4Xnb7WjVko",other,2
@SouthwestAir YES YES YES YES YES!! Just went to Maui for our honeymoon and fell in love with Hawaii. Can’t wait to go back with our FAVE airline!!!!!!!!!,other,2
"@AmazonHelp La demande date de plus d'une semaine, et l'erreur n'est toujours pas corrigée.. https://t.co/x38mcbM3qZ",other,2
"@735617 Oh no! We'd love to help. Please let us know the device in use and details of the issue. For now, try: https://t.co/HXpLyTU79x",other,2
@699557 Hey there. Are you still seeing this? If you remove: https://t.co/10cNWNuYek your profile from the console and then power cycle https://t.co/hxfKiE8qsu . Then sign back in can you let us know if bringing in a fresh profile resolves this for you. ^IS,other,2
"@185733 Please do not worry, we're working on the issue. ^HN",other,2
"@456393 Okay, how long has it been this way?",other,2
"@182181 Hi Carl, We did consider this plan but you would have been stuck behind a slow train, I would recommend changing at Basingstoke and 1/2",other,2
"@174266 We've got your back, pal! Thanks for the shout-out.",other,2
"@CarlsJr 
Quick question, isn't the Breakfast Burger suppose to have egg ??? 

WHERE'S THE EGG ??? https://t.co/wOleIaMVpJ",other,2
@633646 Sachez que notre SAV se tient à votre disposition si les démarches entreprises auprès du vendeur n’aboutissaient pas. ^FA,other,2
@118197 I hv tried all enough &amp; now hopeless of any solution from them about my issue; so reaching 2 u so that d top dell authorities cn do smtg,other,2
@688775 Hi Patrik. We don't have an estimated time frame as to when these will be released. Please keep an eye on our website here: https://t.co/4BYUNd7mJY. We hope to release these as soon as possible. Rach,other,2
"@296829 Hi there, I'll look into this and be back in touch shortly :) TY - Olivia",other,2
"@129837 your computer basically electrocuted me and your ""Care"" team tells me it won't be reviewed until next week? https://t.co/oqh4Qo3uFd",other,2
"@SpotifyCares iPhone, IOS 11.1.1, Spotify version 8.4.26.793",other,2
@185376 Sorry for the disappointment. We can't gain access to your account via Twitter. Please reply to the email you've (1/2) ^KA,other,2
@326555 ...www.dropbox.com/support for additional assistance regarding the deleted folder. Thanks in advance! 2/2,other,2
@Delta withdraws as sponsor for interpretation of play written 418 years ago? Spoiler alert: Caesar gets stabbed. #ShakespeareinthePark https://t.co/Cj5rJg10jf,other,2
"@116589 @118471 Sir, see how IDEA cellular Co. Is cheating with coustmers by actvacting VAS itself again &amp; again... 1/2 https://t.co/ru3KiBtAef",other,2
"@193669 Hey there, Bob! Everything appears to be up and running on our end; what error message are you receiving? ^SH",other,2
@British_Airways I will do.,other,2
"@553106 There you go, Carlitos. We're delayed due to a medical emergency of one of our customers. We should be leaving very soon!",other,2
@UPSHelp I’m sure this is just a bull crap robo reply!,other,2
@726074 Please connect with us at https://t.co/J1AzB6DDDr and a member of our team will follow up.,other,2
@TMobileHelp i can't dm you if you don't follow me,other,2
@AppleSupport your new iOS doesn’t like the letter “I️.” I️’ve never experienced so many bugs after updating before. Mine keep being turned into question mark icons whenever I️ type,other,2
@120597 Please be informed that you will need to allocate at least 3 hours of transit time for connecting flight. The time &gt;&gt;,other,2
@162916 Hi Ivan! Can you DM us your account's email address? We'll take a look under the hood /HC https://t.co/ldFdZRiNAt,other,2
"@Delta , completely impressed with your trans-continental service: #wifi , space, integrity. @774246 , you agree?",other,2
"@208919 Thanks for reaching out! To clarify, is NBA 2K18 the only game you see that trouble with?  ^QZ",other,2
"@421330 Can you also DM me your full name, address, postcode, barcode, SC code, price paid and store this came from so I can log this? 3/4",other,2
"@811047 Sorry to hear this Sarah, did you send the tickets to Customer Relations, as we discussed previously? Phil.",other,2
"@XboxSupport i have a problem with my xbox one x, somtimes he wont sy my external hdd and then i dont know how to let it find oone and jast some hours later he will find it, how can i fix this problem?",other,2
@AirbnbHelp E o patrocínio?,other,2
@680388 DM us using the link below. We'll work together from there. https://t.co/GDrqU22YpT,other,2
"@459280 I'm so sorry, I misunderstood the info I was given. DM for a more thorough explanation of the error. ^SO https://t.co/mQmfkXW4oV",technical_issue,2
@403797 Please click here: https://t.co/5AddaJBniZ to know more about pricing. ^MP 2/2,other,2
"@346221 Hiya, Kyle! We want you feeling the #MagentaLove! DM us so we can talk about this! *MelindaR",other,2
@115879 so you let your drivers lie so that you can charge people $10 no show fee when you were actually there and contacted the driver and he didn’t answer! #wantarefund the nerve of you and him!!,other,2
"@456994 It sounds like you’re having a fantastic day! Thanks for the shout-out, Kelsey.",other,2
@381819 We would like to help. Please share your details with us here: https://t.co/GIJyeYqKE0. We'll get in touch shortly.(1/2) ^CB,other,2
@119651 @115913 Hi! The iPhone X is one amazing device! DM us and we'll check out your options. https://t.co/3sF8qpf2nx *AlissaFast,other,2
"@544433 Hey, Mark. We know that once you land, you're ready to get on your way. Please know our Team is working to get your bags out ASAP. ^KD",other,2
"@266583 Thanks for the screenshots. Does logging out, restarting your device, and logging back into Spotify help? Keep us posted /JI",other,2
"@ArgosHelpers I purchased a bathroom scale (your HOME brand) last week but I'm not satisfied at all with it. Completely inaccurate, weight is out by 10kg!!! Can I return even though I have opened it?",other,2
"@442991 ...same day Delta transoceanic travel departing from AMS
Passengers arriving in AMS without a connecting flight are not eligible to access the lounge
 *HPL 2/2",other,2
@AppleSupport @115858 @AppleSupport thank you for helping me with my iPhone &amp; iPad! Apple has the best customer service!!,other,2
@459094  kindly confirm if its ok to call you at this time.^PY,other,2
@198906 I'd like to check this for you. Kindly share your details here: https://t.co/beaaDm0muc and we'll contact you. ^GK,other,1
"@127038 We do have One-Day passes available at many locations, take a look: https://t.co/uvGag9kIry",general_query,1
@Ask_Spectrum Thanks for your response.. u guys have ur customers “by the balls” if u will..no other way to put it! Sorry not sorry but I’m good!,feedback,3
"@southwestair I love you! I thank you! I recommend flying only you!
I wish you all a joyful holiday season spite the stress! Peace &amp; Love!!!",feedback,1
"@719954 Great shot, Kevin. Thanks for sharing the skies with us! ^MS https://t.co/yPYlMg0Knk",feedback,1
"@Tesco Gravesend, New Road. Beef Brisket.",general_query,1
@199585 For your security please delete your previous post with your confirmation numbers and send in a DM. ^SJ,other,2
@O2 #o2priority what’s happened to e4 picks 48hours early? I want my #MIC Sunday fix!,technical_issue,2
"@355232 Hey, really sorry but they're not ranged for them anymore. - Sammi",shipping_issue,2
"@115873 @115879 Uber and Lyft, you're not even going to reply? Good to know you guys care about this stuff.",other,3
"@408414 I apologize for the delay on your package. Please, reach us for assistance on your late package: https://t.co/JzP7hlA23B ^EB",other,2
@McDonalds I'm broke,other,2
@VirginAmerica u didn’t know we were coming when we boarded our flight 5.5 hours ago that we’d need a gate at the other end? wth? #gatefail,other,2
"@194601 OOOOPS!! Super awkward! Sorry for the misunderstanding, Kane! 🙃 **yep, no way to recover from that*** ^FR",other,2
@387250 Let's see what's up! Send me a DM! :) https://t.co/GkgXaBDGWX *CarmenWest,other,2
at&amp;t outage. Way to go @ATT . Your service was already suspect now the whole state of MD is out.,other,2
@419341 @115913 @115913 I am here to help and I replied via DM. *AshleyNelson,other,2
"@297181 Hi, Derek. We'd be happy to look into this for you. ^vt",other,2
"@589938 @115913 Due to the popularity of the pre-order, store inventory will be limited for some time. We're always ready to help you order one! *MikeRice",other,2
@MicrosoftHelps twice uninstall/re-installed.,other,2
@115940 please fix your service issues! Live sports are your main selling point! Thanks https://t.co/WeExsi0uum,other,2
"@766849 Hi, Julie. Please feel free to DM us the email address tied to the account. We'll gladly locate any support contacts and follow up directly with the account holder.",other,2
@807762 Hi Anna. We can help answer any questions you have about your upcoming install. Can you DM us your account information please? -ZL,other,2
"hey @Delta ily, thanks for making my flights comfortable &amp; entertaining",other,2
@125212 I'm sorry. The barbacoa is a great replacement. -AC,other,2
@VirginAtlantic is the only way to travel via heathrow. ❤️the clubhouse https://t.co/MpVy59mRBV,other,2
"@AmazonHelp @428019 Just happened to me too,rushed home from work,got email 1 hour before delivery due, not good enough paying for Prime is becoming waste money",shipping_issue,3
"@116589 
Sir @116331  has deducted Balance from my account.
They're not returning it.
Pls persuade them to return the amount.",other,2
@816641 Everything seems to be working as normal (https://t.co/vhZUgljfiC) . Are you still experiencing difficulties? ^Y,technical_issue,2
It's a lonely moment when a #DiamondMedallion flying standby boards first~ but thx to gate agents for snagging me the last avail window seat! ❤31A #TravelingGirl @Delta LAX-JFK DL40 #LAAutoShow #travel #TGIF https://t.co/yA4ZdMZHpF,feedback,1
@DellCares Can I please follow up with you about this? Apparently I have a swollen battery which is a safety concern and renders the touchpad not fit for purpose (per the UK Customer Rights Act of 2015). Apparently I'm going to be charged 117.17 to replace the battery?!,technical_issue,3
@VerizonSupport @115990 Thanks.,feedback,1
@247454 I apologize for the delay. We have responded to your DM's. Please check it your inbox at your earliest convenience. ^SP,other,2
"@237165 Hello Marianna, is there anything I can assist you with? ^JH",other,1
@710197 Sorry Kath. Which shop have you been to?,other,1
@294766 The last option in our App menu takes you to our support page. You may also use this link: https://t.co/vlvfJr4nN9. ^HK,general_query,1
@311467 We're checking on it and we shall contact you shortly. ^ST,other,1
"@sprintcare My phone almost caught on fire. The insurance isn't being helpful the website won't let me upload,  I'm over it!",technical_issue,3
"@285461 Hi Angeo, Sorry you had a bad experience! Could you tell us more via DM? ^KR",feedback,3
I can't seem to find a #milkfree #glutenfree #AdventCalendar  Help!! @Tesco @sainsburys,general_query,2
"@486967 Morning Jefe, Kindly provide both numbers for checks.  TT",billing_issue,1
"@Ask_Spectrum Oh  😃  I’m pleasantly surprised.  😄 Yeah, I’ve been w/y’all for years and have rarely had any trouble. Tnx for the reply.",feedback,1
"Hooray for @jetblue bathroom attendant, gate agents, security. All collaborated #datasharing to send lost phone to my departure gate at @1074 #MondayMotivaton https://t.co/UhRPkFzw7t",feedback,1
"@407187 Thanks for the feedback, Martin. I've passed that along internally for review. 👓 ^TI",feedback,1
"@MicrosoftHelps hey there, I have Dell Inspiron 3000 series with i3. My current edition is Windows 10 Home single Language. My laptop asked for update 1703, I downloaded it but couldn't install it. It took more than 15 hours but still buffering sign is there. HELP!!!",technical_issue,3
@645489 We're sorry to hear this was your experience. Please send us a DM (Direct Message) with your email address with details so we can follow up.,other,2
@130560 Thanks for the feedback ^RD,feedback,1
"@174995 If you believe our Baggage Office reached this conclusion in error, please follow the instructions on the sheet provided. ^JB",shipping_issue,3
"@206880 Hi. While we do not have an alert system other than the message that plays when you call us during an outage, you may always check on service matters affecting your area with this link: https://t.co/ihjTPQcO6Y -Erica",other,1
"@242567 Hello, We are able to look into your speed increase concern. Please send us a DM with your name and phone number for assistance.  -AC",feedback,1
@MicrosoftHelps i was told i was being reported for not doing good in game will i be punished,feedback,1
"@418381 That doesn't look quite right, Toni Ann. Mind sharing your bakery-cafe location with us in a DM so we can share this with the team?",other,1
"@387916 Please don't provide your order details, we consider it to be personal information. Our page is visible to the public. (2/2)^VH",other,2
Off to #lax this morning on @americanair for #luxuryconnect in #beverlyhills,other,1
@Tesco So here's a thought. Why not have self checkouts (like they do at Asda...) that have a long belt. It's ironic I'm have this conversation with you this week given the fact that self checkouts and how much people hate them have been in the news...,other,1
"@231613 Hey, can you clarify for us what you mean when you say Apple Music has crashed? Are you unable to open the Music app? Also, which device is this occurring on and what's the software version? We'll help you get back to enjoying your music.",feedback,1
@364419 Refund for booking QEEZ5L was sent to the bank for processing on the 24th October.It should reflect in your account within 30 days,feedback,1
"@214544 Hi, there. Can you send us a DM with your phone number so we can help? https://t.co/SXpdictw1A",other,1
"@746823 You're welcome, you as well! -MS",feedback,1
@SW_Help have you turned off WiFi at some stations. Still works at woking. But guildford has disappeared,feedback,1
@153478 Hello Jason! I will be happy to assist. Please follow/DM your confirmation number.  *HKS https://t.co/6iDGBJAc2m,other,1
How does spectrum expect me to do my black Friday shopping online if they can't keep their internet on for more than 5 minutes,technical_issue,1
@AppleSupport Time to reinstall the OS... but I'm not happy about it.,feedback,1
@360945 So sorry for the trouble! Send us a note via https://t.co/WFtPA6RjWt so our team can assist.,feedback,1
"@375427 Hi there, we're here to help. Please send us a message and we can work on getting this sorted. https://t.co/5TkIRqD4sE",other,1
@469146 @116136 @116136 @116136 @116136 @116136 @116136 @116136 @116136 @116136 @116136 @116136 @116136 @116136 @116136 @116136 @116136 @116136 @116136 @116136 @116136 @116136 @116136 @116136 @116136 @116136 @116136 @116136 @116136 @116136 @116136 @116136,feedback,3
@SpotifyCares @757528 USA,feedback,1
"@147254 We are sorry for the inconvenience caused to you. We request you to share your Idea number for further assistance. Regards, Vicky https://t.co/LBfZgLCSfr",feedback,1
"@115821 you guys need to ship things inside of a box, not slap the shipping label on the product and leave it on the porch for everyone to see what is sitting there ready for the taking.",feedback,1
@340440 We have been in touch via call and advised.^WO,feedback,1
"@115765 hey wanna fix your FREAKIN GAME, I get black screened all the time and I can't even spawn in right away please FIX IT NOW 😤😤",feedback,1
@702245 Please rest assured it's not. All seats are available until the seat is confirmed and purchased. ^CD,other,1
@AskTarget You said the Joyce Exclusive Funko Pop would be out last week and it wasn't very disappointed in the poor management for a week late release,feedback,1
@Tesco Warrington😁,feedback,1
@140191 We'd be happy to look into this with you more in detail.  Please reach out to us via DM and we'll get started. https://t.co/GDrqU22YpT,other,1
"@VerizonSupport In the time you took responding here, yes. I got my answer faster somewhere else.",other,1
@AppleSupport Okay thank you,feedback,1
@123614 If you're still having issues please provide me a DM to help you. ^ME https://t.co/c9WoAfwenP,feedback,1
@299220 Got it. Our Photos team would be glad to help out. Please reach out here. https://t.co/IBIY3vMgPj,feedback,1
@252471 I can help if you know the change you'd like to make. Please DM your flight details using the following link. *ASK https://t.co/6iDGBJAc2m,other,1
@AppleSupport I can facetime my cousin but when I go to facetime my friend it doesn’t even ring on their phone? Please help,feedback,3
"@116331 @idea_cares customer care services r too bad
Need 2 talk 2 u urgent
ur customer care executives don't even know proper offers",feedback,1
"Our Lyft driver got pulled over
Our Lyft driver was going 40 over
Our Lyft driver mouthed off and got 
pulled out the car 

What do we do? Help",feedback,1
@268644 I'm sorry you're not a fan. We'll keep working on our recipe. Our all-natural ingredients do make it different than most.,other,1
@marksandspencer please don't junk my email with your Christmas tv ad. As if I care!,other,1
@222997 @116016 Totally effed!,other,1
"@SouthwestAir Since you're here, there are 3 main issues I saw: kiosks are down 2 often; customers trying to queue to drop bags form false queues due 2 lack of direction/signage for the real queue; and there's not much room for a queue once a significant one forms, eventually creating a scrum.",feedback,3
"@526671 Hi there, I'm so sorry to see that you have found plastic in your soup as I can totally understand your concern. 1/3",feedback,1
@224964 You're welcome! Let us know if you ever need us again. We'd be... https://t.co/LgAM6ky9Vv /RB,feedback,1
@comcastcares no thanks LB i am already looking into changing my service to a more RELIABLE service provider..,feedback,1
"@488226 Hi Jaime, this is disappointing to hear. We'll do our best to avoid this happening again. ^L",feedback,1
@759271 Let's continue the conversation in DM. https://t.co/GDrqU22YpT,other,1
"@VirginTrains Thank you, and appreciate the updates.  Your team at Eust have been brill with the customer service 👍🏼",feedback,1
"@167292 Sorry, didn't recognize you've sent another Tweet. Please do as ^AM suggests and delete Cookies / Cache ^AS",other,1
"@615656 We can definitely take a look at the software. If you'd like, go ahead and send us a DM and we'll take a look. https://t.co/GDrqU22YpT",other,1
"@693836 We're sorry we couldn't get to everyone, but stay tuned for more fun promotions soon!",other,1
@122467 0 - 1 @131470 . Love banking with Nationwide. Notsomuch Virginmoney😲,other,1
"@525204 I'm so sorry for the negative experience! Without including personal info, can you tell us more about what happened? ^JN",feedback,1
@AmazonHelp I still neither have received any reply nor cash back. So far my experience with amazon was good but this one is really frustrating.,feedback,3
@709135 You look amazing! Faiza.,feedback,1
@161419 @HPSupport Thank you for your reply I managed to call up and speak to someone. Very supportive service,feedback,1
"@783604 Apologies for any frustration, Terry! We'll share your feedback with our team. This might help: https://t.co/zS2PPOcsyE.",feedback,1
"@AmazonHelp I presume so - does this mean you wash your hands of any assistance here, even though the delivery time wasn't clear on your website?",feedback,1
"@AmazonHelp Par conséquent je suis obligé d'avoir cette console le 7 Novembre au plus tard, donc à vous de faire en sorte que ça soit le cas, merci.",feedback,1
@SpotifyCares oh hey ! i didn't expect a reply ! im using a chromebook and its on the web so idk the version,feedback,1
@Safaricom_Care whats wrong with you guys i told you i dont want promotion txts on my no.s,account_issue,1
@Uber_Support your driver called me and told me to cancel since he wasn't able to pick me up. I'd better not be charged,feedback,1
"@169995 Replacement order will be dispatched on standard delivery method only, kindly wait till the speculated time. ^MJ",shipping_issue,1
"@814814 We can take a look. Can you pass us your NikePlus email? Also, can you pass us a screenshot of the email you received? https://t.co/dsJjx1OYXB",other,1
"I don’t tweet often, but this 1 hour+ delay has caused me to release my frustrations across all platforms. Thanks @SouthwestAir.",feedback,3
"@DellCares @118197 Pre-Ordered a game with you guys, it comes out today and order status says I have to wait till Monday? for real?",shipping_issue,1
@146819 You're welcome. We're here to help out. ^AB,feedback,1
You see @115955. Im not the only one. It's on your end. https://t.co/5Ye0zS29Lm,other,1
@VirginTrains just had an email about the strike on 22nd. I have a ticket to New Street from Manchester and it isn't specified if that train will run?,feedback,1
@116245  https://t.co/jRxPim7pZM,other,1
"@351059 Sorry any frustrations, Ajay! We noticed our phone/chat team was able to help out w/ this. Need anything else? Let us know!",other,1
"@192617 We""re absolutely sorry for what you""re experiencing, but we need the info requested earlier so we could alert the hotel ^ag https://t.co/2rT0l9N9Cu",feedback,1
@AmazonHelp My picture is at 350DPI already and I get an error saying it's less than 300 DPI. This is with a single book.,technical_issue,1
"@509194 Deb, I am sorry to hear this. Can you please DM your SkyMiles number to me? *TBW https://t.co/6iDGBJAc2m",feedback,1
@302389 What's going on with the current console? We might be able to help out. ^JL,feedback,1
@474295 Glad you could enjoy! -James,feedback,1
@115821 wheres my package? it was supposed to come today with prime. it’s 4:30 pm today and its still not here.,shipping_issue,1
Idea 4g speed😂😂😂😂 https://t.co/04JGABegH1,other,1
@823828 Amazonプライムにご登録いただき、誠にありがとうございます🙇　特典には、配送特典以外にも、プライム・ビデオをはじめさまざまなサービスをご用意しておりますので、ぜひたくさんご活用くださいませ☺️ 　https://t.co/a4QNwGgU6R　SM,feedback,1
@137327 Got it. Please try running through these steps: https://t.co/ckdg70q5uc --including uninstalling/reinstalling. Any change?,feedback,1
@802019 Hi Jody. Do you need assistance w/ a U.S. based Amex card? Please do not release any personal information. ^Clarissa,feedback,1
@197677 Very sorry for the misdirecting link. Contact us here: https://t.co/JzP7hlA23B ^SK,other,1
"@220243 Chat may not be supported on your device, perhaps you may try from an alternative device or please send us an email or call when you can ^BD",other,1
my battery dies so quickly uno this is apple's way of making sure you get a new phone like do u not understand that im BROKE @115858,feedback,1
Its better not to get @idea_cares as its the worst ever Telecom network...,technical_issue,1
"@422313 It is certainly a staffed station, but I'll pass your comments on nevertheless.",feedback,1
@NikeSupport I have had the account  for about five years and all my data is not showing  it as if it's a new account  in someone else's name,other,1
@272756 I'm really sorry about this Rachel. I know how upsetting it must be. Can you use this link to DM me some information about when this happened? Reid https://t.co/MdMtnTlX6H,feedback,1
"@Uber_Support And I am willing to bet that they still won’t understand what the issue is, somehow. Maybe I’ll get the same copy and pasted message I’ve gotten several times now, the one about how my ride pass actually did work and I got $1.12 off my ride, which isn’t the issue at all.",other,1
@AppleSupport To create account a new account for iTunes,feedback,1
"@413509 Your love is what we live for, Heather! Thanks for sharing the skies with us today. ^EC",feedback,1
@MOO how do I re order a previous design but on a different type of business card?,other,1
@713906 Hi. We saw you mentioned us. You can find out more about opening accounts here: https://t.co/ZPTdqc68Z8.^az,feedback,1
My @115821 package was left in the driveway in pouring rain instead of under the covered front door.  Not cool delivery guy. :/ #wetbox https://t.co/LFxwjy8ZP6,shipping_issue,1
@Tesco my Clubcard Boost still hasn't been emailed to me. Usually arrives in a few hours but it's now been nearly 24.,feedback,1
@British_Airways How long do I have to wait to be given link to send attachments? A week and counting... I don’t like dishonesty..,technical_issue,1
@VirginAtlantic It Melissa Wilson and she called at 6.37pm. Although she’s supposedly the most senior person there. So will anything actually be done?,other,1
@153879 Hey! Could you DM us your account’s email address? We’ll check this out backstage /BX https://t.co/ldFdZRiNAt,other,1
"@458451 These pre-orders are sent by courier and we expect delivery tomorrow, some deliveries can take up to 5 working days. 2/3",shipping_issue,2
Berries are good you should eat more berries,feedback,1
@411155 Hey Craig! You can try turning it off at Your Library &gt; Settings &gt; Waze navigation. Hope this helps /JP,feedback,1
@191919 I'm sorry the tracking has been updated incorrectly. Kindly report this to our support team 1/2 ^SH,feedback,1
"@353192 ☹ Are you on a Refresh contract? Did you have a direct debit set up for the device plan? Let us know, we'd like to help: https://t.co/5pyLDJBC6r",feedback,1
"@723894 Hello. Thanks for reaching out to us regarding this suspicious email. The security of your account is very important to us. The email you received is not from Apple. Please take a moment to review this link for more information:
https://t.co/LNMCdqt6fD",other,1
"@comcastcares Everything is alright now. Thank you for following up, JW",feedback,1
@AmazonHelp The delivery date is in screenshot. Please change the shipping date. It’s already past 4 days now.,feedback,1
@VerizonSupport But it needs an extender and I️ don’t think I️ should have to pay for that,technical_issue,1
"@AmazonHelp Impossible de ce faire livrer ce produit le jour de sa sortie avec Amazon Prime ?

https://t.co/xKv3BljPBC",shipping_issue,1
@330562 @AskTarget @544400 Check online in like one min at 12:00,feedback,1
"@139818 This isn't the service we aim to provide. Just to confirm, did we miss the delivery date in the confirmation e-mail? You can check here: https://t.co/V5tbUQZrpp ^BH",other,1
@AmericanAir Spacing my name to van de Steeg is not a name change. You might want to correct he last 48 agents who did it before in the last 6 months.,other,1
@280508 @VirginTrains @6459 We look forward to welcoming you!,feedback,1
One day in the USA and I already understand why they say @115725 staff are #idiots… #Verizon costumer service does suck...,feedback,1
@276796 We apologize that you’re having trouble with https://t.co/Gla4QrFOmf. Please DM us so we can do some troubleshooting. Thanks!,feedback,1
@163580 We sure do! Check out this link to learn more about what it's like to fly JetBlue: https://t.co/qxtn9Litc6. 😊,feedback,1
"@718357 Con mucho gusto, Eduardo, estamos para ayudar.  ^CR",feedback,1
@SW_Help please advise how I claim compensation for delays on 18:14 Vauxhall to Ewell West.,feedback,1
@403911 Are you facing trouble only with the CUDA (not with software renderer)? What is the version of display/video drivers? Thanks. ^KS,feedback,1
@ChipotleTweets Will that site include which foods will give me the e. Coli?,feedback,1
@329904 Hi George. What service are you travelling on please? - Josh,feedback,1
@O2 On it’s way to you now.  :),feedback,1
"@118197 Had to wait for it to fail before trying since there was no option under F8 to do so. 
2/2",other,2
@ATVIAssist Everything’s good now thank you,feedback,1
"@361701 Hey, how are you today? We can see how that’d be useful. Are you referring to shopping or creating a listing? ^VM",feedback,1
iOS 11.0.3 sucks big fat donkey dick.  My phone won’t stop crashing.  Why do we pay the money we pay for this shit? 💆🏻‍♂️ @115858,other,3
@AppleSupport @115858 Does “I️” Phone not recognize the letter “ I️ “ anymore or what ? https://t.co/oxTAd7pYLS,technical_issue,1
@ATVIAssist I followed the steps but It didn't work. I restarted my console and then I found it in my game data. When I click Y on the division to see outfits I only see the standard ones. There was nothing in mail. I even uninstalled the divisions pack. It is still not working. PLS HELP,feedback,1
@hulu_support 1.  Captions should be able to be one color with a simple black outline to contrast.  Why the dimmed box outline? #huluupdate,other,1
@171279 That's quite a remark. I would like to help! May I know what went wrong? ^HR,feedback,1
@116076 I ordered beef and chicken on my pizza tonight. Only got a cheese pizza... Used 8 of my rewards points... https://t.co/S4CQYW1QQh,feedback,1
"@AppleSupport por favor!!! Necesito una actualización que ayude mi iPhone!!
Se queda demasiado pegado",feedback,1
"@JetBlue I just wanna go home, can we get a plane here already",feedback,1
@299566 ご利用いただきありがとうございます！様々な音楽をお楽しみください🎶 EK,feedback,1
"My @115858 iphone will not turn on, update, restore- only stays on connect 2 itunes restore link  screen. Any ideas before I take it in tmrrw",technical_issue,1
"@AmazonHelp My wife’s account was debited £80 for AmazonPrime. She does not wish to avail of this service, nor was it agreed to.",feedback,1
@AmericanAir Thanks! An announcement would have been good here...,feedback,1
"@AmericanAir But you want to collect revenue for my seat, a change fee if I modify, then sell that same seat again. You’re selling that seat twice.",other,1
"@528413 Not a problem Karina, if there's ever anything else, please don't hesitate to get in touch :). - Peter",other,1
@sizehelpteam Reply to DM,feedback,1
@624659 Oh dear :( We hope you still liked them? We'll share your thoughts with our food team in the meantime!,feedback,1
@O2 All good just hope I win👍,feedback,1
@394581 We will contact you shortly.,other,1
"@710343 Comme précédemment expliqué, c'est le seul moyen qui nous permettra de débloquer la situation.  
Soyez assuré que nous agissons dans l'intérêt de nos clients et la sécurité de leurs comptes. Merci pour votre compréhension.
^SA",feedback,1
@SpotifyCares 8.0.0 / latest.  It's only for some albums.  Same album I tested plays with correct volume in Groove.,other,1
"@XboxSupport I did, yes. Does it matter what USB port I’m using? The camera seems to work. It flashes blue but then turns off because of whatever this setting is. It does work on my computer",technical_issue,1
@AmazonHelp Fixed -thanks,feedback,1
@AmericanAir Sent. Thank you for your attention,feedback,1
@AppleSupport Don’t ignore me !!!!!!! https://t.co/Xx50PWVZxf,feedback,1
@Ask_Spectrum is there a department i can talk to about improving the area so we can get spectrum,feedback,1
"@242824 @AldiUK If it is true, I can't help but feel the gesture loses some brownie points for being written entirely in comic sans.",other,1
"@AmazonHelp This is an automated response
 They have not bothered even to revert back on mails  and       fake useless mobile / battery is still lying with us.",feedback,1
"@586083 So I can look into this further for you Joanna, can you let me know what you are trying to order. TY - Jayne",other,1
"@297611 We're so sorry to hear this, Trina. Please report this to our Critical Response Line as soon as possible.",feedback,3
"@608862 Hey Ann! Fingers crossed we'll be able to have it soon, but there's info about Spotify content here: https://t.co/0i8GpimuDa /RA",technical_issue,1
"@119957 Oh No! We do apologize for any inconvenience, but Cox has no control over (1)",other,1
"@406703 Please don't provide your order details, we consider it to be personal information. Our page is visible to the public. (2/2)^GD",other,2
@116062 your store by times square fucking sucks for not having a music section :),feedback,1
"@AzureSupport Hello, i am facing network issue with one VM. Unable to ssh, ping onto the vm. Can someone help me fix this ? https://t.co/D5tvOTqGDe",feedback,1
つーかモヤさまもプライム会員向けにAmazonで配信されてるのな。嬉しい,feedback,1
@235530 We found documentation for an update that should fix this: https://t.co/51X74GH2jh ^PB,feedback,3
"@UPSHelp That Spacesuit you were supposed to deliver to Wales today , still not moved from your Essex depot. No one explaining why. Care to share ?",shipping_issue,1
@441598 すでにお分かりかとは存じますが、Amazonからそのようなメッセージはお送りしておりません。＊SMSにてご連絡することはございません。Amazonを騙るEメールやSMSを受信された場合、連絡したり個人情報を登録したりしないようご注意ください。 TN,feedback,1
@793448 Here to help! Please send us a note here; https://t.co/h840Iouehc so our team can connect right away.,other,1
@AmazonHelp I have raised my complaint twice .. and yet no response. What is this customer service. ? https://t.co/EY26BsfQMx,feedback,1
Has anyone else had their cards hacked this week?? I've had TWO and I'm so angry,other,1
@O2 What third party apps are they for my setup?,other,1
"@291944 Amazonです。このたびは大変ご迷惑をおかけしております。
お手数ではございますが、こちらのリンクより返品または交換のお手続きをお願いいたします。https://t.co/j4lLztdiZN　MH",feedback,3
"Great selection tonight, @sainsburys https://t.co/TeLskfRid2",feedback,1
@VMUcare DM @VMUcare My brother has a Beyond Talk Plan.,other,1
@696949 Thanks for bringing this to our attention. All we can ask you to do is flag it as Junk and iCloud should remember your preference: https://t.co/69DeJV324B  Let us know if you have additional questions.,feedback,1
"@688212 Hello, I'm sorry your internet is not working. Please send me a DM with your account name and phone or account nu... https://t.co/vKpr8czN6D",technical_issue,1
@Ask_Spectrum I won’t &amp; that makes me sad,other,1
@AskPlayStation I am on PlayStation support trying to get a live chat but where it says to enter your gamer tag it will not accept mine.,other,3
"@467515 Sorry. How can we help you, Frank? *TMA",other,1
"@GloCare I'm currently visiting Uniport for a few days but since I got here, I've not had access to 3G network not to talk of 4G.",other,1
"@139118 Hi Nick, you can find out more information on this here: https://t.co/ne5XRGST4W ^HP",other,1
"@243189 We have routed this to the appropriate team who will be in contact within the in-app help section in the order that it was received, Jakus. Thank you for your patience.",other,1
@GWRHelp @nationalrailenq need to collect train tickets but I’ve closed the credit card account I bought them with. How can I collect?,feedback,1
@AmazonHelp Just got the acknowledgement msg on 11/03 10:38:42,feedback,1
@AppleSupport So the new phone you guys gave me today wont turn on now I've restored it.. I cant get any fucking info from my fucking phone because theres an unknown error after I restored it.  I cant even book an appointment without my phone.  Apple is a joke.,feedback,3
@182900 Let's figure out what's going on. Send the tracking number + your contact # to DM. ^DS https://t.co/wKJHDXWGRQ,technical_issue,1
@Safaricom_Care kindly check my DM on the issue of my till number I can't withdraw,feedback,1
@sainsburys are you getting any more of these boots in a 5 in stock at all? https://t.co/tIJimfNTU7,feedback,1
"@hulu_support I need my password reset, but I am not getting an email with a link to reset it.",account_issue,1
@AppleSupport None of this is relevant. I have sent a em,other,1
"@642825 That's strange, we'd usually send an email or SMS to the contact details in your booking, Leanne. I'm sorry you didn't receive an alert.",other,1
I Waite 50 mins @115873 for a 5 min ride. Horrible customer service.,feedback,1
@ArgosHelpers Oh Friday a investigation was made against your driver for taking my sons bday pressie tuesday today no item no refund no apology,feedback,1
@116333 @AppleSupport What you are not replying?,other,1
"When you’re in the O2 arena, @O2 are your provider and you’ve got no signal https://t.co/kNDrwlpjho",technical_issue,1
"@813344 Sorry to hear you're not a fan, Kyle. 😔 We're always open to improvement ideas ( https://t.co/n4qDfJdbFR ) and will continue implementing user-based updates over-time. We'll be sure to share your thoughts on this!",feedback,1
@550901 We've emailed a correspondence to you. Kindly check it here: https://t.co/8DAc10S7ww &amp; reply to it for further assistance.^SF,other,1
@GloCare please can you deactivate it because I'm not using it. Thanks,other,1
"@hulu_support I think someone just stole my account, and I can't get to your chat support because I can't log in. Are you able to help here?",account_issue,1
@408363 Deliveries conitinue through to 8 PM. Please let us know when your order arrives. ^DO,feedback,1
@144229 Thanks for reaching out to us for support. We would love to help you. Please DM us so that we can look into this together. https://t.co/GDrqU22YpT,other,1
"@762250 Oh, we found our match. The love is #mutuAAl.",feedback,1
@242665 @O2 On the app @o2 still says sold out. Shouldn't this be changed ready for a new day.,feedback,1
"@353945 Hi Morty, Yes there is flight re-time for I5 1335 from GOI to 22:10 on 22 Oct 2017. Thanks-Sha",feedback,1
"@276030 We can look into this for you, please send a private message with your confirmation code. ~Angel https://t.co/t4ooDR29zz",other,1
"@117889 We wouldn't mind, Kyle! We want our loyal customers fed and happy.",feedback,1
@454457 Feed the need! Hope to see you today.,feedback,1
"@548229 I apologize for the issues you are having with the services. Have your DVR issues been addressed? If not, I will ... https://t.co/S0eJR15YCf",feedback,1
"@455866 Hi. Pls call 800-297-1000, 24/7 for assistance. Have a great day. ^Clarissa",feedback,1
"@519866 @131370 @VirginTrains Yes, I don't blame you for wanting to avoid the bus! I'd advise buying at a station if you're able to",feedback,1
Dear @115873 @Uber_Support Your In App customer support sucks. Reported a high charge twice - driver did not stop trip. No action from https://t.co/v7ApjVWQUY,feedback,1
@hulu_support Why are new episodes of certain shows like Chicago PD and the Orville not available?,feedback,1
@606115 @239  https://t.co/l1eB1Ib1BZ,other,1
@ATVIAssist when loading into ww2 it’s giving me a black screen not letting me go any further any tips to fix it?,feedback,1
@390975 We have some pretty AAmazing things coming your way on board. Take a peek here: https://t.co/2l3PoKl3GW,other,1
@azuresupport #azTechHelp GrafisoftWeb op Azure (IP 23.97.212.197) kan geen geautomatiseerde mails versturen nr https://t.co/AUDsHAI5Sf.,technical_issue,3
@189636 Thanks for clarifying! Give these steps a shot: https://t.co/wAoEicy9CF as well as: https://t.co/9dKHhsQlQG. Any change?,feedback,1
Hey @AmericanAir what's this Customer Cup you're doing @127663 ? And can I be involved? I AM the best customer. 😂😉,feedback,1
@VirginTrains Friday 13:30 -&gt; 17:59 London -&gt; Glasgow,feedback,1
@744503 Please check your DM's for more instructions.,other,1
@VerizonSupport 2. It hits my account. They can’t do anything further other than wait and send an email??? You sure took my money out fast enough and can’t seem to refund it in the same amount of time..been dealing with this since Friday!,feedback,2
@Uber_Support got the refund. thx for your help,feedback,1
@AmazonHelp Will do! 😌,feedback,1
@CoxHelp Pls check DM,feedback,1
@JetBlue alias la compagnie qui te laisse dans la merde. Qui te promet un remboursement et qui ne le fait pas.,feedback,1
@AmazonHelp my package was supposed to be here tonight at 8. Just got notified it could be out until Wednesday. Why do I even have prime,shipping_issue,1
"@786090 SHG is working on this now, be sure to report anyone you see glitching in-game! ^NM",feedback,1
@SouthwestAir I thought flight 4 from DAL to DEN was supposed to be a new MAX plane?,feedback,1
@AmazonHelp In the two years I have been a prime member no parcel has ever arrived or stated it will only coming in the box/packaging for the product!!!,shipping_issue,1
@193066 So... lunch date? -Jen,feedback,1
"@153035 We appreciate the shout out, John. We're glad to be able to help her out. #TweetUsIfYouNeedUs.",feedback,1
"@473896 Yes, if you do not renew the Website Builder it will be lost. Let's you create website as trial with option to renew/keep. ^T",feedback,1
@197085 Hey! DIGITS is totally awesome and we want you to take advantage of it. Send us a DM so we can chat. *TerriL,feedback,1
@672163 Delivery date is November 18th. ^AD,shipping_issue,1
@Delta is that a recent change?,feedback,1
@SW_Help @115793 And your lack of information on platforms..?,feedback,1
@822577 @822582 @822598 @822580 @822591 @822584 @822583 @822593 @822574 @822597 @822590 @822575 @822594 @822578 @822599 @546077 @822600 @158 @822588 @159 @822587 @822581 @186141 @822576 @822596 @160 @161 @162 @163 @822595 @164 @165 @166 @809407 @167 @123765 @168 @169 @115783 @170 @171 What have I done....? https://t.co/vzbs4Iz0dU,other,1
"@642264 We'd be happy to take a look for you, Please DM us with the tracking number and your contact phone number. ^WS https://t.co/wKJHDXWGRQ",other,1
"@XboxSupport I have an issue, on my Xbox voice chat comes through the headset but game sound. My headset is Hyperx Cloud II",other,1
. @116035 blowing me w these monthly fees .. how can I save if y’all keep taking my money,feedback,1
"Woo hoo! My @SouthwestAir flight got to Chicago a little early, so I have time for a snack! #LUV",feedback,1
@115850 Will there be any exchange offer for OnePlus 5T with the OnePlus 5?,feedback,1
@Ask_Spectrum where is my cable and internet??? And when can i expect it back??? - cheektowaga ny,feedback,1
@AmazonHelp I can see the seller.  Where do I find where they're FROM and why should I have to dig deep into it to find that out?  The product location should be clearly stated on the main page.,feedback,1
Hey @hulu_support - I don't need separate profiles since I'm the only one using my account.  Is there a way to disable profiles?,feedback,1
@236846 Thank's for following-up. Please contact us via https://t.co/QDn91HzZV0 so we can connect you with our team directly. Thanks!,feedback,1
"@115900 Everything that used to be set to Bedtime mode for school days to pause the net @ 8:00pm still does even though all my devices have bedtime mode off, help",technical_issue,1
@116136 I've got a great new motto for Comcast: we don't know what the FUCK we are doing....and it shows.,other,1
@222000 Thank you for sharing this with us Scott. We value all our guests and we are so happy to assist when and where we can. -Tara,feedback,1
"@225239 Our apologies, can you check your bill as we do not offer 150mbps speeds with DSL.  ^JRA",billing_issue,1
"@AppleSupport Hello, I have a problem with my Mac, System is utilizing 283 GBs! What is it and how can I reduce it? https://t.co/2NHjbElzah",feedback,1
@582234 1: Got it. We're afraid that you'll need to redownload your music at this point. For deleted playlists...,feedback,1
@499511 We're happy to help. Can you give us some details of what's happening with the Music app?,feedback,1
@122739 Receiving the best pricing available is crucial.  Let us help you check out your options by sending us a private message. *DyanaOrtiz,feedback,1
@Delta @AskAmex I've sent the DM..,feedback,1
"@563039 Unscrew all the COAX connected to it then once everything is removed, screw it all back in.
^ACM",feedback,1
"never had to do so many hard resets on a phone, ios 11 has essentially turned my phone into a brick can I have my money back @AppleSupport",other,1
"@comcastcares @807361 Removing the service without any notice and not adjusting pricing to match it. Seems like you don’t care at all, @116136.",feedback,1
@AldiUK Hello. I've sent a DM... sadly one is OOS now... should I just reorder?,shipping_issue,1
@223465 How can we assist?  *HDG,other,1
@British_Airways Do BA have generic lost property? STN didn't have it so either next person in seat found it or it's gone to another lost property dept?,feedback,1
WHERE IS MY PACKAGE @115817,other,1
"@483487 Thanks for the additional information, Laura. We'll pass your comments onto our catering team ^MM",feedback,1
@AskPayPal @185856 On hold (still) with Paypal merchant services for 50 minutes. These guys sure care about their customers.,feedback,1
"Thanks, @VirginAtlantic throwers 🙄 https://t.co/MF3HVyOAb9",feedback,1
"@332818 Hi Joanna, I have just replied to your DM :) - Dani",feedback,1
"@331247 Hi there, I'm so sorry for the misleading information. All bottles under £4.35 are excluded, this isn't just applicable to wines with alcohol unfortunately. The alcohol free wines should have been away from this section. 1/3",feedback,1
Even after the update for your shitty game... i still get this error @115765 https://t.co/HSUQxBwFJc,other,3
@SpotifyCares my playlists are still there (thank god!) but all my saved songs and albums have disappeared.,account_issue,3
"@AmazonHelp Well, that's two people who answered the phone and then hung up on me. Is the phone system broken also? At least the second person talked to me long enough to let me describe the problems.",other,1
"@368190 Congrats! Have you thought about getting one of the Delta SkyMiles American Express cards?  Depending on your annual spending, you... 1/2",feedback,1
@115850 @118919 @115851 pls specify till what floors will your person deliver the products.,feedback,1
@115888 @SpotifyCares,feedback,1
@AlaskaAir 3486,feedback,1
"@392896 @XboxSupport Ich denke die meinen die Webseite.  Scheinen aber momentan viele in Deutschland zu haben, das man sich nicht einloggen kann.",other,1
@195586 Kindly revert to the email and we'll check this for you. ^SG,feedback,1
"@596028 Thanks for reaching out. We have a workaround for this here: https://t.co/xXaXeeSRt9 
DM us if you still need help. https://t.co/GDrqU22YpT",other,1
"@707444 Ah okay, what were you advised on this by the Insurance team exactly? DM us here: https://t.co/5pyLDJBC6r",feedback,1
@226207 @XboxSupport I’m also having that issue and have wired connection and 300mbps download speed,feedback,1
"@CoxHelp YO I NEED HELP WITH MY BILL, y’all hung up on me like 3 times! 😤",feedback,1
"@805952 I can help with the issues you're experiencing with your Comcast internet. DM your account #, the name the account is under and the address of service, so we can look further into this issue. ~DB",feedback,1
"@698177 Hi there, Ashley. You were on a 787. We hope you enjoyed the flight, let us know. ^SR",feedback,1
@Delta: where should FOs check in at ATL domestic? https://t.co/hSwFyNEjjR,feedback,1
@AlaskaAir Where is a manager when you need them? Flight 3350 from SAN to SMF delayed by 2.5 hrs.,feedback,2
"@379494 We don't have access to your Amazon account info via Twitter. Could you please elaborate your concern, we'll look into it.^SQ",feedback,1
@193280 as the devices are limited in number. We request you to please have the requisite cash ready (2/3) ^VM,feedback,1
@537194 At this time there is no ETA however we are currently working to resolve as soon as possible! We do apologize for the inconvenience. ^DDG,other,1
"@642495 Hi Eric, please send us a DM so that we can assist you with your issue.",other,1
@ATVIAssist why is the headquarters on xb1 glitched? I can't do daily challenges or anything.,feedback,1
@AskPlayStation It is in my wife's email __email__ no reason y my son as been banned 171022-001374 incident number if this is needed,feedback,1
"@126302 We bought a phone and added a line yesterday, now our service is blocked and you're demanding an additional $600 payment? No way to reach a person? Why?",billing_issue,1
"@183636 If you would like us to help, pls click below to send your name/zip/phone/acct type privately. ^vt https://t.co/CoOXedUuUC",feedback,1
"@116136 ay, y'all need to fix whatever problems goin on right now with ESPN channel, tired of it glitching for the past hour",feedback,1
@525680 Please contact the Amazon.de customer sevrice via https://t.co/5RHhEVutwe   My colleagues will be happy to assist you. ^RS,feedback,1
aye.. i found a fingernail clipping in my burrito @ChipotleTweets ... i'm good on y'all,feedback,1
@AmazonHelp USPS,shipping_issue,1
@O2 That will be dependent on the charges.,other,1
@610371 Oh no! I'd like to help. Please send me a DM with the name on the account and the phone number that is associated with it. Thanks. ~MK,other,1
@116447 @115714 messed up my preorders with this error for the past 40 minutes https://t.co/gdiFn4zEqE,other,1
@Delta ... wow! Even the PILOTS are rude!!!!,feedback,1
"@120576 @VirginTrains You're the same company, surely they would contact you to say they'd received some tickets? This must happen a lot, it won't be just me",feedback,1
"@815381 Fingers crossed, sorry it hasn't been great so far. ^PA",feedback,1
"Hey @115879 stop giving me drivers 30 minutes away. I’m in downtown LA, I can see all the drivers. I’ve cancelled 5 in a row now.",feedback,1
@294151 Can you please DM us the phone number attached to your Lyft account so we can look into this? https://t.co/SXpdictw1A,feedback,1
@Delta flying out of SFO Sunday afternoon to DTW. Flight #DL1197. Should I expect delays from fires?    Any change options available? DM me,feedback,1
@AmazonHelp No there was no email sent related to the delay. I needed to go and check the status myself in order to see that update to shipping estimate,shipping_issue,1
"@357129 (2/2) Please send us a DM, so that we can further assist you. Thank you! - WR",other,2
@SpotifyCares Yes. https://t.co/tFPfnIIzuI,feedback,1
"@735774 Hi Vishal,

Apologies for the trouble. Please DM us your contact number and elaborate on your concern and we will surely address it.

Regards,
Yogita https://t.co/LBfZgLCSfr",feedback,1
"@699725 We're sorry, Annie.  We can submit an incident ticket about the delay.  Would you please DM your contact number?",feedback,1
@186096 Apologies for the hassle. Please contact us here: https://t.co/vlvfJr4nN9 and we'll help you with this. (1/2)^SQ,feedback,1
@116928 vergüenza de que trabajéis con @130709 que entregan los paquetes cuando a ellos les viene en gana. 2 dias en casa esperando,feedback,1
"@GWRHelp Its not for a few months (Amongst other things, I've got to train for it!) I'm just checking all requirements. Hypothetically It'd be your London Paddington to Cheltenham Spa service. Thanks",feedback,1
@174284 Delta Sky Clubs are looking good these days with a nice Bloody Mary to make you happy. *TDH,feedback,1
@121984 @125520  onde posso entrar em contato com o suporte técnico sobre a playstation store?,feedback,1
"@633778 to ""United States"" to get English language. 2/2",feedback,2
"@116035 @490  excuse me, when my bank accounts thaw? 

I need money",feedback,1
"@688898 No worries, glad I could help! Marc",feedback,1
@VirginTrains The update was that there was a little chance of the train getting underway.  So 75 minutes later now in a taxi.  Take the stress out. NO,feedback,1
"Plane had been on the ground for more than an hour, but you decided to wait until after the sched departure time to empty the lav? Come on, @AmericanAir!",feedback,1
der mac von meinem vater hat sich selbst bei einem update komplett gefickt danke @115858,feedback,1
@207020 Can you please send me a Direct message providing me with your nearest cross streets and ZIP code? -DS,feedback,1
@AmericanAir Luggage is on original flight. Nice work! Smh so what happens to unclaimed baggage?,feedback,1
@194324 We offer support via Twitter in English. Get help in Spanish here: https://t.co/IBIY3vMgPj or join https://t.co/OczyRx7IOs,feedback,1
"@437226 I trust you will be able Jane, these deliveries aren't to our usual high standard though Management have been made aware for future consideration and improvements. I hope you enjoy the rest of your Sunday :) -Christie",other,1
"@193688 Is this for your Verizon residential or Verizon wireless mobile?
^ADP",feedback,1
"@Uber_Support Done, thanks.",feedback,1
@AdobeCare last year I bought LR6. I installed the update. It removed LR6 and installed a trial version of Lightroom Classic. Please help!,feedback,3
"@120077 Hi,Thank you for reaching out to us.We understand that it is unpleasant to wait for the system to boot for so long. We will be glad to check this for you.Please share the details requested below via direct message. 
1. Service tag
2. Owner's name
3. Email id / Phone number. 
1/2",other,1
Sprint is totally cockblocking me from getting an #iPhoneX and I do not appreciate it. Do you hear that @115714? Not. Appreciated.,shipping_issue,1
"@353126 Oui justement, veuillez suivre les étapes indiquées afin de mettre la photo en pièce jointe et d'évaluer l'emballage.^FT",feedback,1
"@735503 Hola Gabriel, Siento que te sientas asi. ¿Podría enviarnos un mensaje con más detalles y su número de cliente? ^Lisi https://t.co/rYq25s2Pfj",other,1
@509661 @SW_Help @115793 Being on time is overrated,feedback,1
"@162928 Hey Ivan, that doesn't sound cool. Can you let us know the Spotify version you're using? We'll see what we can suggest /PL",feedback,1
@292724 Awesome! Glad you had a great experience! We appreciate your loyalty. *HKM,feedback,1
"@JetBlue That sucks, wow",feedback,1
@405061 We'd love to! DM @comcastcares to start service with us. -Sami,other,1
@811180 @O2 Ah I just tried again and got into a queue but then got this :( https://t.co/LUFvkyU8Gf,other,1
"@237004 We'd be glad to assist you with this, Toni! Without posting personal account information, tell us more about your situation. ^FR",feedback,1
@azuresupport #azTechHelp The Retention Period of Web server logging of my App Service was automatically set to 7 days. #Azure lost my data and the value cannot be set back to its default value even though I tried it in Azure Portal or Azure Resource Explorer.,technical_issue,1
"@680525  For your security &amp; protection, please delete your prior message. Due to the nature of your request, please write to us. ^da",other,1
@UPSHelp shall I dm it to you?,shipping_issue,1
@AmazonHelp Nah it was about a specific item so it was a customer that said it lol,feedback,1
"@TMobileHelp hey folks, noticed an update went out for S8, does this address wpa vulnerabilities?",feedback,1
@116072 help me,feedback,1
@274917 Can you DM us with specifics about the ride you are referring to? https://t.co/SXpdictw1A,feedback,1
@Tesco How cone you still get cheap bags if you have your shopping delivered and you pay a one off fee no matter how many bag they send out,feedback,1
@408948 We appreciate you writing. We haven't been hearing much about the TCL TVs. We're certainly happy to pass your comments along to our buyers. Please DM us and let us know which TV you bought and what is wrong with it. Be sure to work with the store to return or exchange it. Thanks. https://t.co/bEVlRVM6db,feedback,1
"@544560 @544561 @72836 @72837 @544562 @544563 @72838 @544564 @72839 @72840 @72841 @333372 @190574 All I can suggest is keep an eye on the website for updates, you'll see soon :-) - Neal.",feedback,1
@AmericanAir I️m only home for two days over thanksgiving due to my busy schedule as a college athlete,other,1
"@799818 Hey Jessica, our account security team will be happy to take a closer look and get you back up and running. You can contact them here https://t.co/e5AMjF3AB2 ^SB",other,1
"@443058 Hi Cat, What number are you calling the store on? is there anything I can help with? - Alice",other,1
Charged $150 in damage we did’t do by @115879. Driver wrongfully accused us even though our ride w/ her was 3hrs b4 the damage occurred?!,billing_issue,1
@311880 I would be happy to help you with any CenturyLink issues you are having. DM us. -Yngwie,other,1
@AmazonHelp Because of the faulty product you guys are not replacing it and just asking for the product to return,feedback,1
"@hulu_support hi, I keep getting charged. I have 'cancelled' my account three times and just got charged again. please help.",feedback,1
"@207213 Hi Brian, I'd be happy to help! What's the operating system installed on the computer? Let's try assigning a Static IP to the printer 1/3",feedback,1
@Safaricom_Care @119309 pls stop this premium message https://t.co/GfOXFIDh0Z,feedback,3
"@AmazonHelp But Amazon say they won't phone South Africa, and I've been trying for weeks but get no responses to my e-mails.",feedback,3
"@idea_cares Visited but demands for Aadhaar and fingerprint data, when dead line to link is 8th Feb 2018, why you are in hurry to collect data, my mother who 85 need to be present at you outlet for finger scan not accepting the Aadhar number alone, that;s the problem. Instruct MNP till Feb18",feedback,1
@AmazonHelp Yes Hence the Monkey sticker.,feedback,1
"@695026 Hi Robyn, I'm so sorry to hear this! Please can you ask Mick to visit one of our Metro, Extra or Superstores with the product that mad him feel this was, the receipt and packaging? 1/3",feedback,1
@355296 Oh my! Sorry to hear. Were you provided a new expected delivery date for your order? ^AB,feedback,1
@663592 We're here to help! Send us a DM (direct message) with your email address so we can connect.,other,1
entries this year are drawn from a shortlist that was CAREFULLY compiled by applying BRUTAL and SCIENTIFIC criteria that I WILL NOT reveal https://t.co/OKTc58XalP,other,1
@268404 Good morning! It looks like we responded to your last message yesterday evening. Please let me know if you didn't receive it. - NS,feedback,1
@AmazonHelp @AmazonHelp I want a compensation for my time loss that has been done by your team. You didn't deliver my order twice &amp; I had loss of 17 day,feedback,1
@SpotifyCares seems to be working at this stage. Will let you know if it happens again. Cheers,feedback,1
@387322 could you please DM me on that and give a detailed description of the issue you are facing? ^Charlotte,feedback,1
@515725 Here’s what you can do to work around the issue until it’s fixed in a future software update: https://t.co/qODbOsp4wz,feedback,1
"@O2 joke trying to order iPhone x, trying for over an hour, using app",technical_issue,1
It wouldn’t stop vibrating on and off @AppleSupport what’s wrong with my iPhone 8!!!!!,technical_issue,1
@301234 Privacy is important. All face recognition is done on the device: https://t.co/EYgbVpCw0b  Let's meet in DM to continue. https://t.co/GDrqU22YpT,feedback,1
"Könnt ihr mal bitte alle eure Amazon Bestellungen storniern?
Ich brauch meins schneller...

Amazon Prime Bestellung Stand 26.11

4 Tage ! Kommt dann am Donnerstag...

Wofür bezahle ich eigentlich die Prime Gebühr @116316 ?",feedback,3
"@340881 Hello, thanks for reaching out. I'd be happy to help. Can you please send me a DM with your name and account number? -MS",other,1
@766973 open dms g,other,1
"@807925 Hi, please click to send us a private message and I will look into this. Thanks! ^Stephan https://t.co/a2xkfCrUG1",other,1
@686867 We're here to help! Send us a DM with your email address so we can connect.,other,1
@125216 Please DM your record locator and what happened. We'll take a look at it for you.,feedback,1
This is wig @115877. Need my last order refunded. Thanks https://t.co/7eaC6G8Gku,feedback,1
@XboxSupport The problem is that I do not have Xbox(,technical_issue,1
@ArgosHelpers Yes. I'm trying typing discount10 in the box but it keeps saying invalid,shipping_issue,1
@816837 We're working to address this issue and expect to avoid cancellations this holiday season.,feedback,1
@SouthwestAir That's great! Are you saying the system has been fixed?,feedback,1
"@AskTarget The manager at the location in Bellingham, WA would not price match https://t.co/zKuz69sKlb today. What can we do?",feedback,1
This shits weird idk when did I tell them that I worked here? Is it cause I’m connected to WiFi? I want answers @115858 https://t.co/70AahLruV4,other,1
"@247494 Solltest du diesbezüglich noch nicht mit unserem Kundenservice in Kontakt stehen, geben wir deine Beschwerde gerne weiter. Melde dich dazu bei uns, dem Amazon.de Social Media Team: https://t.co/br7bhrlJn8 ^MI",other,1
"@116062 received our $400 baby rocker this past Wednesday. When opened, it was broken. For the past 2 days we have been on hold for over 3 hours, 2 calls disconnected by operator and no call back from supervisor. Worst customer service I have ever experienced!!",feedback,3
Really wish @115830 would teach their deliverers the difference between 42 and 44 because with the amount of times I have to take parcels next door I should be getting paid for it,shipping_issue,1
@120682 Hier: https://t.co/cDHy5WiCek :-) Liebe Grüße ^MF,other,1
@AzureSupport I'm not using custom docker. Its nodejs stack available. and The SSH url as it provides and as mentioned in the doc. It never connects.,other,1
@116057 you guys delivered someone else's order and made a vegetarian eat meat! Never ordering from you guys again.#vegetarian #postmates,feedback,3
Working with @115911 has been the worst nightmare. They have been transferring me from one department,other,1
".@AppleSupport We’ve blocked Safari, FB, YouTube etc via restrictions on our 12-y-o’s iPhone, but she uses another app to access these. 😕 https://t.co/BxboK7hFBz",feedback,3
@MicrosoftHelps We're good actually got an email not long ago!,feedback,1
"Rainy day at home. 2 best bits...
Thanks @marksandspencer https://t.co/HqqUpxmWZv",feedback,1
"@sprintcare also doesn't address the phone call issue, and your chat teams can't get their story straight either.",other,1
@AmazonHelp Amazon.ca,feedback,1
"Smile, Sweet, Sister, Sadistic, Surprise, Service, Salsa https://t.co/h72apIq9gR",other,3
I know I went through and deleted all my songs of my @115821 music account but I'm still getting error messages saying I can't upload 😡 https://t.co/fJfhqC6pF2,technical_issue,2
@394285 I'm sorry you didn't enjoy it. Our Culinary team is working to improve the consistency. -Sam,feedback,1
@hulu_support will the new seasons of #WillAndGrace be exclusively on Hulu as well? Thanks so much for getting rights to it!!,feedback,1
@AmazonHelp Can you share link,feedback,1
@ATT you have failed to install my internet for 2 days. Several phone calls in and I can’t even get a manager. #incompetent #wastedmyweekend,technical_issue,1
@574570 Let’s work together on this. Are you getting a message on your iPhone screen? Let us know via a DM. We’ll move from there. https://t.co/GDrqU2kzhr,other,1
"@140379 Um amor que só pode crescer 💗 Conte para nós, qual dessas histórias vai ler primeiro? ^LG",feedback,1
"@SouthwestAir I’m in Malaysia right now so that might be the issue? If possible, can you rebook for me? RR# 413773080",feedback,1
Flying high in the sky #earlymorningflight @AmericanAir https://t.co/xvaKU5FRYn,other,1
@477425 Oh no! Check if you have the option to cancel the order here on the Orders page: https://t.co/Y5jpI9gRhE Keep us posted! ^EA,feedback,1
@266561 We apologize for the delay. We are following you now. Please DM. Thanks- FG,other,1
my @115873 driver charged me and my girlfriend 90 dollars and claimed we trashed his car. all because we didn’t tip him. 🤬,billing_issue,1
"@386755 Could you confirm if this was a replacement order, Gaurav? 1/2 ^HD",other,1
@Delta AF682 Late 45 min;GLVWOY with TRENCK&amp;ELDER DL 109 to AUS Delta 0109 Dp 1447,other,1
"@553763 Hello. If you need assistance, please let us know.  *AJL",feedback,1
"#nyc weather is dodgy overnight, hope our morning flight with @AmericanAir is able to take off 🛫#americanairlines #storm #JFK @428062",feedback,1
"@GWRHelp - you're cancelling the 8 coach 15:49 PAD:MIM, &amp; reducing the previous 15:22 PAD:GMV service from 5 coaches to 2??? Seriously? #GWR",feedback,2
@Delta @717870 non-refundable lol,other,1
@127445 Sorry you are having a problem with the connection. I can take a closer look if you could DM your address or acct# ^PS,feedback,1
@AmericanAir get your fucking shit together in orlando https://t.co/bzyRG3GbFd,feedback,1
@201686 Let's move into DM and we'll work on some more steps to help find a solution. https://t.co/GDrqU22YpT,other,1
"@AmazonHelp Called. No further forward. No resolution offered. Was expecting 3 deliveries. Got above emails RE: 2, heard nothing about the 3rd. Really unacceptable, I bought a Prime membership primarily for this.",shipping_issue,2
@AmazonHelp thank you ! @AmazonHelp,feedback,1
@158542 @127852 same and i bought in store from @127271,feedback,1
@515350 Oh... That's weird... Don't worry about it. I'm sure you'd put them to good use Vicky. Robbie,other,1
yet no resolution provided by @115821 @115850 . It is going to be more than 2 months now. You have kept my 2500 for without any reason. https://t.co/rmqRTqXOrA,other,1
"@709637 Glad to hear you're back in action, Ralph! For reference, if needed in the future we also have:  https://t.co/Vhwt8NxkrE.",feedback,1
"Test your #StarTrek trivia knowledge with @115833 Just ask: ""Alexa, open Star Trek."" #TrekTrivia #AskAlexa https://t.co/np147IxAwa https://t.co/sNO9qxcN4Q",feedback,1
"@222099 Is your Yahoo Mail still acting up? If yes, please DM us your Yahoo ID &amp; alternate email so we can reach out to assist.",other,1
@262632 Feel free to DM us your account email so we can look into this.,other,1
@165350 Sorry about that! If you could send us a DM we'll do our best to resolve this for you. ^SW,other,1
@451186 Do you have the same issue streaming video through our on demand services or other sites? ^JRA,feedback,1
"@451691 In that case, you will receive our correspondence here: https://t.co/DTSNmGldJf. Please reply the email for any assistance. ^BS",feedback,1
"@ChipotleTweets Please do, James! They take great care of my boyfriend and I every time we go 😁",feedback,1
@125458 Great! Toss me a DM and I will get you back to full sailing on magenta seas: https://t.co/tdwt367vMq *NevinBruce,feedback,1
@SW_Help have a ticket booked from exeter to salisbury tomorrow @ 8.23am. Can we collect ticket from Honiton and get on there instead?,feedback,1
@375577 We apologize for the inconvenience. Pls keep us posted if you need anything. We'd be happy to help with any of your accounts. ^mm,other,1
"@820366 Thanks, Dashing Matt Boy! -James",feedback,1
@GWRHelp GWRR170707BZBC,feedback,1
@498827 We hate to hear about the service that you received. Please DM us with more information. Thanks!,feedback,1
@PandoraSupport I had to disconnect and reconnect to WiFi before the cast button appeared.,technical_issue,1
"@555814 Hi there, a broken down train is blocking the line at Richmond.",feedback,1
@ArgosHelpers Hi Marc it’s regarding my delivery,shipping_issue,1
@SpotifyCares I paid for the wrong subscription and I need to cancel it,billing_issue,1
I want to report a problem which happened on the 22/11/17 and I am unhappy with the service which was given on that day. I would like to speak to someone about it as soon as possible which included booking a trip with 2 of your drivers. @115873,feedback,1
@302207 We want to follow up ASAP. Can you please send us a DM with your email address and additional details so we can connect.,other,1
"@hulu_support It's crashes after an episode, or during the beginning of an episode on my Wii U through the hulu app. It says it's a network error",feedback,1
@562116 Good evening. I'm sorry for the delayed response to your post. Where you attempting to access the application whi... https://t.co/SIUPogt3sa,other,1
@115888 I'm too young and poor to own a credit card and a paypal account. Can I use load as my payment method?,feedback,1
@Delta delaying a flight because a flight attendant woke up late? What’s up with that?!  Going on 30mins...,other,1
Hey @115877 #epicfail #cantgetoutoftheirownway,feedback,3
@Ask_Spectrum we can’t even get a speed test site to work.,technical_issue,1
"@160290 Hi, Marika. Please allow me to explain that your EarlyBird purchase secures an earlier boarding position for you 36 hours prior to departure. Although your position is already assigned, you still need to claim it prior to boarding. ^MS",feedback,1
@115850 pathetic service and pathetic representatives,feedback,1
"@UPSHelp UPS, I love you.",feedback,1
@298748 Please contact us via: https://t.co/dDmBEPionb My colleagues will be assist you. ^MS,feedback,1
@238583 Hi John. Sorry for any difficulties. Can you try clearing your cache/cookies? ^B,feedback,1
@529337 We're glad the new eATMs are meeting your needs! Feel free to tweet us if you ever need help. Have a great day! ^DS,feedback,1
"@NortonSupport I can finally access Chrome now, thank you, now I can stream and upload comfortably",feedback,1
@627220 We want you to be able to charge your phone. Were you using it when you experienced this? Let us know in DM. https://t.co/GDrqU22YpT,feedback,1
@airtel_care And u used to deduct air time from my line with out doing anything why? 07010226596. pls make it clear,other,1
"@341156 We're here to help! Send us a note here, https://t.co/h840Iouehc and so our team will assist.",other,1
"@IHGService I tried already, they said they don't know when it will be fixed.",feedback,1
"@AmericanAir Flight Staff attitude on flight AA605 from Phoenix to Charlotte is horrible, last time flying with you!",feedback,1
@AmazonHelp I've tried those. It's a generation 1 firestick so I assume the hardware is old. I've only had it 2 years or so though.,technical_issue,1
"@115821 @115850
The worst online purchase experience
4__credit_card__
That too being a Amazon Prime Customer
Really bad customer service",feedback,3
@TMobileHelp I wouldn’t refer my dog to @115911 and she doesn’t even have a phone!,feedback,1
"@AmazonHelp Hola amazon, aún no tengo información de un envió que me tuvo que haber llegado hoy, sería genial si me ayudarán",feedback,1
@813606 We're here to help you anyway that we can. Lets take a look into this for you. Please DM us the claim number or phone number associated and where your laptop was purchased. ^AW,feedback,1
@260728 You are welcome!  *HJB,feedback,1
Hey @TMobileHelp I just left tmobile today but I still need assistance unlocking a phone can you still assist me with this problem,feedback,1
@115817 literally over here refreshing the follow my delivery page every five seconds can u pls deliver my iphone asap :'),feedback,1
@421858 Kindly clarify the issue on  DM https://t.co/jF6LqBUAqM  for further assistance .^EK,feedback,1
"@AmazonHelp Yes, I did managed to talk to a couple of executives. While the 1st one was of no help, 2nd one helped me initiate cancellation process.",feedback,1
@422396 We offer support via Twitter in English. Get help in Spanish here: https://t.co/IBIY3vMgPj or join https://t.co/OczyRx7IOs,feedback,1
"@172612 Hey Tim! You being covers is our number 1 priority! DM us, we want to be able to look more into this for you! *DayoG",feedback,1
"Dear @115817 

Allow me to apologise in advance for all the packages that will be delivered in the coming weeks. 😏🎄🎀 #CyberMonday",shipping_issue,1
@AmazonHelp Done,feedback,1
"@548944 Hey there, can you locate the deletion if you load your Events page here: https://t.co/WlNQRcsSVk. Feel free to DM us for more info, thanks!",feedback,1
@652338 My apologies with the issues you are having with your On Demand content. The content listed for each show is prov... https://t.co/dwRaLkXfOb,feedback,1
"@474692 Sorry to hear that, Douglas! Let's try running through these steps first: https://t.co/HXpLyTU79x. Any change after?",feedback,1
@Walmart we had so much cheer and excitement for #BlackFriday! We are like a family! ♡ https://t.co/UhxxCPGtww,feedback,1
@115911 Spoke too soon!! Made an appt only for my changes not to reflect on my @115911 acct. then @AppleSupport made me cancel and reschedule! 1 hour WASTED! I’m upset,account_issue,1
"@VirginAtlantic I don't see any option to book as a Flying Club member, so no message. The only option I see is the paid option.",other,1
@319209 We're here to help. If you change your mind and would like us to review the service at another time just let us know.-Sean,other,1
"@737058 Hi, Koustubh! We would like to know your experience to help us improve by answering a quick survey here: https://t.co/UkjFaI8gEf.  😉👍",feedback,1
3 commandes effectuées dont 2 jamais reçus et la 3e en retard. Plus jamais je commande chez vous. @115821 @AmazonHelp,other,3
@161244 to confirm for you. - Vickie (2/2),feedback,2
"@Ask_Spectrum @238952 I smell a class action suit soon, I feel your pain Tyler..",feedback,1
@120701 -are not available in amazon. (2/2)^GU,other,2
@472000 Hey! Sorry to hear that. Could you DM us your username or email address? We'll check things out backstage /Q https://t.co/ldFdZRiNAt,other,1
This Xbox One is fucking HORRIBLE right now the dashboards and overall functionality of it has been glitching for days I hate it,other,1
@456553 @comcastcares 😁,feedback,1
"@585373 Hi Gemma, we're sorry to hear you feel this way. Please send us a DM or call 0800 042 0800 to find out about local stock levels. Thanks.",feedback,1
So the question is will @southwestair flight from DAL to OKC 3069 get on the plane before 4366 both same route 3069 scheduled 1955 4366 schedule 2200,feedback,1
"@669313 We recently released an iOS update, 11.1.1, that contains a fix for autocorrect issues. Let’s be sure to back up your device prior to updating. How to back up: https://t.co/4f8hwT5to6",other,1
@VerizonSupport No,other,1
"@idea_cares Why abt the other ques which I asked,,y dont you reply for all ques at once",other,1
@AdobeCare Read the complaint before answering as if you don't know what you did wrong.,feedback,1
Whoa. https://t.co/7NK1YaaIil,other,1
@AppleSupport a completely original ios keyboard (without any modification),feedback,1
@NortonSupport Thank you. I hope one day to use your software if you can one day meet FSF standards.,feedback,1
@AirbnbHelp Update: @115783 still offering no help besides “we’re here to help” and “please be patient”.,other,1
@AlaskaAir thank you for alllwing me to take an earlier flight! My Halloween’s going to be 👌🏽 in #vegas,feedback,1
"@677697 Live your best vacation life, Zach! DM us w/ #SWAgift for a treat to help with your next adventure! ^SC",feedback,1
@Safaricom_Care Still waiting,feedback,1
Hey @115714 @sprintcare I haven't had service since #Irma on 9/6 and you won't credit me? Plus local office still closed!! @120330 @266835,feedback,1
@510024 Hey there. We would hate to see you leave. What seems to be the issue you are having? Let us know. Sprint Cares! -  CF,feedback,1
"@206800 Morning.We apologize.Kindly provide your device type, exact location and error response for a quick check . Thank you. AP",other,1
"@JetBlue 1/ Oh, I'm not ""hanging in there"". We rescheduled my father to fly out tomorrow. The reps told me that the equipment was departing MCO before 3:30p today. Clearly not. ""Lying to customers"" may not be optimum policy.",other,1
"@227213 Hello @227213, your complaint has been acknowledged and is being worked on. Please be patient. Thank you. ^ANopo",feedback,1
"@145681 Sincerest apologies about that, Vivek. Please submit an official feedback via our eForm so the relevant team and investigate and further assist. Thanks for your patience. -Floi",feedback,1
@AppleSupport Greats tips!!  Thank You,feedback,1
"@388000 We’re so glad, Shae. Let us know how your experience is when you try it out!",feedback,1
@115940 your app is always a nightmare to use but today is particularly bad. So many errors 😩,feedback,1
"@276753 Hello, can you please send us a DM with additional details of your concern? ^RS https://t.co/znUu1VJn9r",feedback,1
@O2 Can I get an O2 phone unlocked so that I can use a German carrier for the three months that I am away?,feedback,1
@ChipotleTweets - makin my bad days better since 2013,feedback,1
@comcastcares I called and was told this is a “network” issue from @17326 so can I get my money back!?!?,technical_issue,1
@747034 Ask yourself why you have a boyfriend that needs convincing. Then tell him what you're thinking about. -Patrick,feedback,1
@AppleSupport How do I delete my saved Game Center games?,feedback,1
Help @AmericanAir  - son just left jacket on #1076 from DCA to ORD. Seat 27F.,feedback,1
@150284 We've updated your case manager on this and requested them to contact you again as soon as possible to further assist. Thank you.,feedback,1
"@135728 I'm really sorry David, we'll have this package out for delivery tomorrow. ^MC https://t.co/wKJHDXWGRQ",shipping_issue,1
"@361036 We'd be happy to help, but we could use more info. Could you follow &amp; DM @Xboxsupport with your Gamertag &amp; some details? ^EZ",feedback,1
@375515 We are concerned you feel this way Andy.  We value you as a gold Executive member. You're able to use the lounges along with one guest. ^Oli,feedback,1
"@128565 We're happy to help with the auto-correct issue you're experiencing. The issue was fixed in iOS 11.1.1. To update to the latest version of iOS, go to Settings &gt; General &gt; Software Update and tap Download &amp; Install. We recommend having a current backup before updating.",feedback,1
"@151290 I am happy to address your service concerns. Please DM the name, address and phone number on the account? -MLR",feedback,1
@GloCare I'll also like a refund... Cos I definitely didn't activate any service on my line,feedback,1
@294687 enhance your chances of eligibility. Thank you. (2/2),feedback,2
@Kimpton Thank you.  Email sent :),feedback,1
Good Morning LA! ☀️ kimpton @111355 #sunrise #jetlag @ Kimpton Hotel Palomar Los Angeles… https://t.co/jHRZSwQthS,account_issue,1
@AirAsiaSupport It shows on booking status need payment kindly check if our transaction went thru thank you emir https://t.co/UP4mX5VvHp,billing_issue,1
@310727 There are a lot of moving parts that goes into making these decisions. We'll have you #wheelsup just as soon as we get the okay.,other,3
@SouthwestAir has great prices but horrible customer service. I'm actually speechless. I rather pay more to another carrier. #SouthWestAir,other,1
@115858 @AppleSupport @118936 lol https://t.co/8CmQN6ZUb7,other,1
@745692 Here to help. Send us a note at https://t.co/e8HVorX5rh so our team can connect.,other,1
"@421543 We’re happy to check the account to see what options we have! DM your full name, postcode, and email address. ^BT",other,1
"@123617 Hi Alex, when did you submit this form? ^MB",feedback,1
@AppleSupport The original. But its not even a year old. Battery dying faster every day.,feedback,1
"@573633 Hi Ali, can you follow the steps provided by Om here, let us know if it solves the issue for you: https://t.co/eY7qVnG8AW ^Wren",feedback,1
"@AskAmex I have engaged your customer service now for 8 months. I am not chatting w/ them again. I want my 85,000 promised SkyMiles 😡😡😡😡😡😡😡",feedback,1
"@VerizonSupport New router arrives today, set it up, no service, turns out I need a whole appointment, reconnect old router, no internet at all.",technical_issue,3
"@294922 Thanks for sharing, Deborah! We're glad to help Puerto Rico recover from Hurricane Maria. -Zoe",feedback,1
@AmazonHelp @115850 still waiting for the solutions...,feedback,1
@156742 I would recommend you try in store to see if they would be able to fulfil this.  You won't be able to order online as it will 1/2,other,1
"@231315 We want to try and help, I apologize for your disappointing experience. Please send us a Private Message with the details and how we can help you. If this is related to an online order be sure to provide the order number and email address used to place the order. Thanks!",feedback,1
@220221 It's not an adware. It's just a pop-up notification from Norton product if you do not wish to see those you can go ahead and turn it off. -Praveen,other,1
@495137 @VirginAtlantic @403059 Likewise -lost hundreds of pounds on park tickets and have &lt; 1 day there now. Booked though @116665 -they can’t help!!,feedback,1
@AskeBay a buyer is trying to buy from Israel but apparently it’s saying I don’t ship there when I’m enrolled in Global Shipping with you,shipping_issue,1
@VirginTrains the fact this journey had to be booked so far in advance and you’ve spoiled everything.,feedback,1
"@488326 Hey! Don't worry, we're on it. Our developers are looking into this, and we'll keep everyone updated /DF",feedback,1
"Hey @121164 why did the Paris bags arrive at the wrong baggage belt today? Thanks to this, someone has taken my bag and now it’s missing!!!! https://t.co/Mvtwsoxt6o",feedback,1
@407897 I'm sorry you haven't received a response! Are you trying to return an item to Amazon or a third-party seller? ^BN,feedback,1
@AppleSupport GIFs are consistent but Preview can’t export to GIF.,other,1
"@196288 Hi Joe! I hope your services are doing better today. If you would like assistance with the services, we'd be glad to help anytime. -Alex",feedback,1
@693982 We are glad you asked. The HomePod will be available in December. Check out this page for more information: https://t.co/LlN3EMs8mp,feedback,1
@AskPlayStation H,feedback,1
"@Ask_Spectrum did a good job with my cable problem.They didn't jerk me around. Tested the line, saw a problem, sending a tech.",feedback,1
"@Delta ,  what's going on?  Out of my 4 flts this week's, 2 had greater than 4 hr delays due to mechanical. Should I be concerned?",technical_issue,1
@XboxSupport I was but tested without it also,other,1
@SouthwestAir I fly the Ft Lauderdale-Nashville 310p flight 2X monthly &amp; 85% of the time wifi is out. Needs to be fixed.,technical_issue,3
"@140528 Hi, please reach out to us in dm so I can give you more info on your issue. Thank you, -EP",other,1
"@Uber_Support Hi this is vamsi I need help
__email__",other,1
@SW_Help The bus driver clearly doesn't know his route. Ridiculous,feedback,1
@ChipotleTweets my favorite combo is the medium AND the hot salsa on a chicken bowl.... mmm,feedback,1
@SpotifyCares ok i dmed u already,feedback,1
@askplaystation  Trying to start a free trial of PS Vue but I keep getting an Error (31-1-0) Please help!,technical_issue,1
"@170008 yet? If not please DM us your full name, booking reference, email address and billing address (inc postcode). 2/3",feedback,2
"@DropboxSupport As for the other oddity, I can't reproduce it, maybe the message was related to a shared folder",other,1
@idea_cares sir i am facing out going problem with u network...the message not on registerec network appearing..worst network,technical_issue,1
@Uber_Support Thanks I wasn't charged a cancellation fee -- the driver left me in the street 😩he said he doesn't drive from DC to VA and drove away.,feedback,1
@206742 My apologies for the issues you are having with your internet.  Please follow/DM your service phone number and I ... https://t.co/YiDii200Hq,technical_issue,1
@375656 Thank you! I have passed this to our Fleet team now and may I know what coach was this?  ^JH,feedback,1
@AmazonHelp So what was the point in me Pre-ordering a @117013 a7r iii and not receive it??? What’s the point in paying for prime again?,feedback,1
@115714 When y'all merging with T-Mobile?,feedback,1
"@158298 If the details are filled, you should receive our correspondence here: https://t.co/8DAc10S7ww. Please reply to the email for any further assistance. ^BS",feedback,1
@116447 @sprintcare @115714 @180843 @124218 Porting dept just told me it won't be up until November 20th!  #WTF,shipping_issue,1
"the @2064 ad with the lady in the bath is SO BAD and @115940 plays it twice in a row. Not, like, two ad breaks in a row; it plays one version then immediately plays another version. I now just mute immediately and associate ON w disgust, so, job well done, marketers?",other,3
"@124443 @120640 between programmatic and The Fourth Amendment you dont have to be but a monkey with shit for brains, now.",other,1
@120576 @VirginTrains @123241 Yes.,feedback,1
@AmericanAir I have zero time to have it delivered. I will not be home tonight or tomorrow. And I'm not about to pay for parking or taxis to come get it.,shipping_issue,1
"Out of all of the BS going on in the world, what’s been killing my soul is trying not to type “Eye” as in “me” for fear it’ll pop up as I️",other,1
"Four small herrings bought loose from @Morrisons fish counter then passed to us wrapped in all this! Including the deadly black plastic tray. Marine life being destroyed by plastic and then we wrap it in more plastic.
The answer: Avoid supermarket shopping. https://t.co/uCOCILzPCB",feedback,1
"@115888 your web signup form is broken, and I cannot sign up.",feedback,1
@AmazonHelp Nov. 17,account_issue,1
@comcastcares Everything was taken care of finally. Thanks.,feedback,1
"@AppleSupport Workaround: tap “repeat” three times -&gt; page turns white, go “back”, check again for update. Reproduced on another iPhone and iPad.",other,1
@Delta I’ve already booked my flight but it didn’t ask about a dog or anything.,other,1
@311358 Glad to know that. Do keep us posted for any further concerns. ^SG,feedback,1
"@AmericanAir Ya but my 2 year old in unlikely going to be seating in his seat even if it is across the aisle . Can we please get a seat together, it is even OK if it is the last row.",other,1
@AmazonHelp Shared the details yesterday and waitinggg.,feedback,1
"@askvisa Buenas noches, si lo supuse, nadie te regala por regalar ni mucho menos te llama para premiarte. Gracias por la retro, llamé a mi banco pero me dijeron no sabemos nada. Reforzaré el tema con amigos y familiares. Salidos",feedback,1
"@460195 We appreciate your continued loyalty. However, the fare rules typically drive the applicability of the change fee.  *HAA",other,1
@NortonSupport @132897 What the hell is a dm 5-10 days to get money back bank account now overdrawn thanks guys,feedback,1
@CenturyLinkHelp I pay for 20mg download speed.  Every night all I get is 10 to 12 Meg download. Called customer service numerous times,feedback,1
@794663 Do you have enough space on your hard drive to accommodate all of WW2? ^MB,feedback,1
"@Morrisons cooking instructions are shit, just followed them on a cut of beef to be cooked medium, it's come out like a bit of old rope.what a waste of £20.#waste 😡😡😡😡#TasteLikeOldRope #DontWastePeoplesTineAndMoney.",feedback,1
@115877 Last time I will be using uber eats!!! Complete wrong order as driver collected wrong order?? Can't even contact you as no number! https://t.co/cnuTpAFwIa,feedback,1
"@452785 If you DM me your account number, I would be happy to take a look into this. -Aaron",other,1
"@116216 @AskPlayStation buenas, a quien puedo contactar para que me ayude a solucionar un problema con mi cuenta de PSN?",feedback,1
"@371781 Hi Jack. No, no excuses here officer. Not a great sandwich. DM me the following please and I'll refund you. 1/3",feedback,1
".@VirginTrains @127472  your sole steward (initials BO) on the northern leg of the delayed gla to eus service  (due eus 21.20) is an absolute hero! Fantastic guy, treasure him.",feedback,1
@458556 That's not okay. DM us. https://t.co/FUsmRWStIs,other,1
"@550632 Hi Robert, sorry for the delay but I'm very happy to hear you enjoyed the gate service. Thank you so much for flying with us! *TJW",feedback,1
"@411265 We're sorry, Allan. Please pardon the delayed hold times. We are working through a backlog due to an unusually large volume of calls. *ABN",feedback,1
@AmazonHelp 一応発送先にメールは送ってみました❢ありがとうございます,feedback,1
"@idea_cares मेरा नंबर आधार से लिंक हो चुका है फिर भी नंबर बंद करने की और reverification की कॉल और मैसेज लगातार आ रहे हैं, क्या हो रहा है ये?",feedback,1
@709093 Sorry Hol. Which shop have you been to?,feedback,1
"@457757 Hi, we've never heard of this before. What device are you on? Make, model and OS version. Is your app up to date? Example track? /D",other,1
"@354817 Hi Luce, that's odd! Best to call our Customer Service team on 0344 874 7747 and they can sort this for you ^R",other,1
@809586 I'm sorry to hear this. Please use the link provided to DM us your tracking and contact info. Thanks ^AD https://t.co/wKJHDXWGRQ,feedback,1
"@656865 Two-Day Shipping refers to the transit time, in business days, after an order has shipped. We strive to meet the delivery date shown at checkout and confirmed via e-mail, have we missed this date on a recent order? ^SB",feedback,1
@idea_cares 9911220340,feedback,1
@ChipotleTweets @797509 I love Tara for this,feedback,1
@210903 @115911 @115714 i'm on a countdown w @115714 as well.  10 months to go,other,2
"@280547 Hi Garima, may we have your booking number to assist further please. Thanks-Mi",other,1
@408276 We're so sorry for the trouble! Please send us a note here; https://t.co/nFTc4ODH3P so our team can assist.,other,1
and arranged for a callback got a call from +91 79-40330508 and they asking me for my CC details not sure if it is safe dealing with @117157,other,1
@389794 It's our pleasure! Just start listening to your favorite tunes again and those should change soon 😉 /JO,feedback,1
"@VerizonSupport Yup, It shows as blacklisted. How would I whitelist the IP address?",feedback,1
@696703 We're so sorry you didn’t get your free Original Glazed Dozen box. Demand was through the roof and stocks ran out. Stay tuned for more fun promotions soon!,feedback,1
@Tesco I asked attendent and shrugged shoulders. No sign just 4 traffic cones in front of it.,other,1
@AppleSupport do Apple still do the #iPhone7 or have they stoped doing that now ? https://t.co/GkI9XOVSgW,feedback,1
"@129009 @3882 J'ai un problème avec ma manette elite , y a moyen de parler en pv ?",feedback,1
"@AppleSupport Yeah a MacBook Pro, when I switch it on, it loads up like normal, says ‘45 minutes remaining’ and then it fails!!!?",feedback,3
"@548784 What problem are you running into?
^TDC",other,1
@AmericanAir 45 min max to transfer.....? Not confident but happy to be proved wrong.,feedback,1
@361776 We'd like to take a look into your order. Please get in touch with us here: https://t.co/hApLpMlfHN ^DG,feedback,1
"@VirginAtlantic when do your September 2018 flights release, please ??",feedback,1
@667462 We are here for you. Let's take a look at this further for you. Reach out to us in DM. https://t.co/GDrqU22YpT,other,1
"@638356 No worries, Prisca. Please do let me know once you have tried the steps from the link. ^ Sanal",feedback,1
@218472 Please click to send us a private message and I'll look into this https://t.co/N4mKcbyEKG. ^Parul 2/2,feedback,2
@British_Airways on a Customer Satisfaction scale of 1-10 you get a 1.  And that is only because 0 is not an option.  Thanks for nothing!,feedback,1
@UPSHelp Helllllloooooooo?????,shipping_issue,1
@292003 初めて当サイトをご利用いただいたというのに、異なる商品が届いたとのこと、大変ご迷惑をおかけしております。お手数ではございますが、こちらのヘルプページをご参照のうえ、交換・返品のお手続きをお願いいたします。https://t.co/GUqhwc57lq  RI,feedback,1
"@130143 I'm sorry for any inconvenience. If you would like us to set up a callback with the account specialist, please DM us the best number to reach you.  -Mary",other,1
"@299626 This might help Mollie #EveryLittleHelps

https://t.co/CLyrt47KeE",other,1
@573164 We do not have any update as of now. Kindly stay tuned! ^HR,other,1
Engineering works will affect #Staines #Windsor #Guildford and #Salisbury today 19th November.  Please see here https://t.co/zk7DiEWGn6 for details. https://t.co/3nt6RkneQ8,technical_issue,1
"Anyone see my dilemma, @116062 has video games B2G1 but not for the switch. =| (*Note I do own Mario Odyssey) https://t.co/vtqSMZjHaF",feedback,1
@123813 Amigos puedo pagar mi membresia con las tarjetas de prepago que venden en @32701 ?,feedback,1
"@528528 @marksandspencer @127894 I like the Aldi one just coz it said ""pea'd myself"" 😂",feedback,1
"@752055 Thank you for sharing details. We have forwarded your details to our sales team. Our sales team will soon get in touch with you.

Regards,
Arti",feedback,1
"@AppleSupport Does that address the issue I pointed out, or just the one pertaining to the letter “I”?",feedback,1
@Tesco wow just opened a tin of ur potatoe + leek soup ..in all my yrs I don't think I've tried to eat something so tasteless ..#garbage,feedback,1
@374898 Please report this to our support team here: https://t.co/rS49hgaADF so that we can assist you accordingly. ^SU,feedback,1
@116062 I think you guys get more inventory or something of the Harry Potter 12 days of socks because yesterday I called my store and asked when you’re getting them and she said today.called today and they sold out in an hour.this is unfair to others that want them.,other,3
"@129642 @Delta Are the seatbelt lights meant to flicker like that, with that &amp; the entertainment system faults it gives you that warm &amp; fuzzy safety feel https://t.co/ix9ePkztXh",feedback,1
"Switched to PC after 20 years of Mac, and my new @121548 Spectre’s @7009 speakers are crackling/buzzing right out of the box 😫 and @HPSupport phone number just redirects to hopelessly useless forums. You’re going to drive me right back into the arms of Apple - please help!",other,1
@376240 We want to help! DM us and let us know more about the issues you are having. We can look more into this issue from here. https://t.co/GDrqU22YpT,feedback,1
@410313 We're here to help. Try the steps in this article to get your iPhone charging: https://t.co/uqxquyfdn0,technical_issue,1
"@795609 This particular extender needs a 3.5 mm input port, but that particular set top box does not have one unfortunately. Our RNG-150 model has a port for an IR extender but it is not a DVR. -TJS",other,3
"@115830  Yr new security log in, having had me standing in the road to get a code on a mobile where they is no signal, refused to accept.",technical_issue,1
@Morrisons not very happy that my shopping is not coming. I don’t believe the driver only just realised he was going to over hours. And my estate is not hidden but if you cant find it why not ask me!!! Now seriously worried about my Xmas delivery,feedback,3
@436647 We certainly want to hear about your experience. Please DM us the details of what happened. https://t.co/GDrqU22YpT,other,1
@496180 DM us using the link below and let us know your iOS version from Settings &gt; General &gt; About &gt; Version. We're glad to assist. https://t.co/GDrqU22YpT,feedback,1
@297674 You've got it! #FlyFi,feedback,1
@609007 Hey! Help's here. Can you DM us your account's username or email address? We'll take a look backstage /TC https://t.co/ldFdZRiNAt,other,1
"@AskeBay Top Seller rating was revoked after hurricane. Ebay keeps telling me they will fix it, but almost 6 wks and still NOTHING is fixed!",feedback,1
Wow. I need a PhD to work out if I need to buy a ticket for my 9 yr old on train from Wimbledon mail line to Waterloo and then to O2 via underground. No photocard.  Can you help @TfL ?,other,1
"@658329 Hi there, J. It can take 6-8 weeks for those points to post to your account. Hope this helps! ^CT",other,1
@Uber_Support also I have a reallllly bad cold so I’m impressed I can smell the cigarette smell. Gross!!,other,1
@AppleSupport Is this how your IOS 11 for iPhone 7 plus. Why don’t you refund my money back? I am pissed off with real costly piece of shit. https://t.co/fPbKpNrvCt,feedback,1
@115873 @Uber_Support can I get a fucking response please,feedback,1
"@780291 So glad to share these moments with you, Connor. Have a great rest of your week! ^NG",feedback,1
@sprintcare to be sprint for Halloween is not such a bad idea considering how scary it is what y’all do to people 😱,feedback,1
@115830 you have just delivered me an empty envelope that was supposed to be a wireless charger! I can't return the item because there was nothing delivered.  What other options on my account do I have?,other,1
"@AppleSupport I want to back up my Iphone through Itunes but it is encrypted although that I didn’t put a password, I tried a lot of passwords but it didn’t work, what can I do?",feedback,1
"@764569 Let me partner you with our Verizon Wireless team @115990.  
^CAR",feedback,1
@340574 Hey there. Can you let us know what's happening exactly? Are songs or artists missing from your app? /QI,feedback,1
&lt;3 @SouthwestAir 4 getting us 2 @14402 conference #nfccconnect #financialliteracy #financialwellness https://t.co/V1KFUOsC3r,feedback,3
"@520687 You can go to an O2 store and they can call on your behalf, payments can't be made in store: https://t.co/7IuFF6lcF8",other,1
@301262 Hello.  Can you send over a DM with your account info for review? -ML,feedback,1
last week my dad bought an iphone from the t mobile store and a representative told him it came with a free case and headphones and threw them in. except she charged him for both fully.,other,1
@AldiUK Amazing thanks so much 😃,feedback,1
"@Ask_Spectrum I already stated I would not go to site requested, you won’t DM so just going to call, I miss the ease of solving problems with @11",other,1
@VirginTrains I got on the 13.52 from York I was originally booked onto 12.59 from York but was delayed from Durham.,feedback,1
@AmazonHelp They were not. They said a slip with the reason was left on my door. There was no such thing. They prolly gave stuff to someone else. Again,other,1
"@645855 Hi, Noemi! We sadly don't have the rights to RuPaul's Drag Race. We'll share your interest in seeing the show return to Hulu.",feedback,1
£1.60 for a bottle of water on @VirginTrains! Outrageous! (Yes this is is what my life has come to now),billing_issue,1
@MicrosoftHelps I am having trouble signing into my student email and my classmates are having the same issue. I’m being asked for my preferred language/time zone and as soon as I enter it and click save it resets my answer and I am stuck here. HELP,technical_issue,1
@SW_Help States a bus replacement but also there may be a shuttle between Honiton and Exeter.  Which is it and when will we know?,feedback,1
@British_Airways We will see after i now have weather reports above the clouds,feedback,1
@307354 Thank you for keeping us posted. I'll be sure to pass on your feedback to the concerned team internally. ^AP,feedback,1
"@182925 Hey there, please fill out this support ticket form: https://t.co/ahEALLOaqe and we'll go into more detail. Best /S",feedback,1
@British_Airways Is this some sort of glitch? Never seen a delay coming up 2 days before the flight. https://t.co/MPatWPCD2N,other,1
@BofA_Help thank you and forwarded with a link to this tweet for reference.,feedback,1
@205796 How could anyone resist that cutie! DM your record locator so we can pass your kudos along to our #AATeam.,feedback,1
@213098 @115955 Mine out too...Spectrum in Wisconsin. Might be a pretty big outage.,feedback,1
"@SpotifyCares I'm pretty sure you are mistaken about that, sadly. https://t.co/AjxaL34Gst",other,1
"@195102 Disconnect the console and all cables from the power source for 5 minutes, reconnect them and try again.",technical_issue,1
"@352476 Bonjour, avez-vous un souci de livraison avec une commande effectuée sur Amazon? ^MD",feedback,1
"@260606 Hi, sorry to hear this, which service are you referring too? ^AW",other,1
"@263909 Hi Kelly, that's great! If you ever need anything else, please don't hesitate to get back in touch :) Thanks - Beth.",feedback,1
"@813523 @Tesco It’s for the drunks Roger, they think they’re getting a better deal...",feedback,1
"最近、今更入れたノートン先生でスキャンして、「怪しいかも」ってやつを全部削除したらｚｉｐが展開できなくなった。
分割ファイルを１つにできなくなった。
やや厳しい",feedback,3
"@707106 You may be able to apply for a 16-25 as a mature student, please see here for more details - https://t.co/aMyngTFT9d ^JW",other,1
@TMobileHelp @115911 how do I have unlimited data but my data slows once I use 50GB... so what is the truth?,feedback,1
Why can’t I see the Spotify visual for wolves 😭😭 @115888 @405270,other,1
@VerizonSupport Now I can’t even access the menu or guide.  Omg your fios service is the worst ever and I am considering another provider!,feedback,1
"@762445 Hi, you would have to proceed to do so at the nearest sales office/service centre to add child booking. Thanks - Ed",feedback,1
"@115783 is bullshit. All they do is take advantage of people, especially hosts. #aggravated #onholdfor30mins",other,1
"@354016 We apologize for any inconvenience we have caused. If you change your mind, please let us know. Thank you. -AZ",other,1
"@697025 Please visit https://t.co/7IcJIo76YC for information on tipping. If you have any questions, let us know at https://t.co/FF2YGTGjuA so we can assist you as quickly as possible.",other,1
@AskPlayStation  Hello today i downloaded a ps4 game from the ps store and iwould like to refund it as soon as possible plz help me thanks,feedback,1
@123201 Here to help! Send us a note via https://t.co/593jusCquh to assist you further.,other,1
"@548356 Hi. To receive your 12 months M-PESA statement via Email, dial *234#ok, select My M-PESA information, M-PESA .......",feedback,1
Just tried to use a free delivery code I got yesterday from @116584 and it didn't work. Porque? #stillorderedtho,shipping_issue,1
@AppleSupport A work around for one of the shortest &amp; most commonly used words in the English language👏🏼👏🏼good job Apple.,other,1
@115913 Cancelling Pixel 2 promo before Pixel 2 orders catch up is #Carrier. Almost brought 3 loyal customers but you scared them off!,feedback,1
@GWRHelp Wondering if anyone has handed in a passport last night at @127465?,feedback,1
"@606288 We'd be happy to look this over with you. Please meet us in DM so we may gather information, and better assist. https://t.co/GDrqU2kzhr",other,1
"@idea_cares The store people are like that the number is deleted and you need to wait when company reissue the number.i am waiting from last 2 months and more..i am not able to use my WhatsApp and the number was linked with many other accounts
Please do the needful and help me out",feedback,1
@302963 Let's get you to the right spot for help. Reach out to our iTunes Store team. They'll work with you:  https://t.co/SDIe7UiyJN,other,1
@208125 We apologize. Kindly provide the card serial number for checks Thank you for your patience. UO.,other,1
@CoxHelp do you know what channel Att SportsNet Rocky Mountain is in Vegas on Cox? For the @117613,feedback,1
@117795 I got call 1130 for delivery but as of now I have not received my https://t.co/vibNhqVCuY he is not answering the call.,shipping_issue,1
"@140918 We don't unfortunately Natalie. As soon as there is an update, station staff will be sure to let you know.  ^BT",other,1
@744673 Hi Udit! We've just replied to your DM. Check it out /MC,other,1
"@115850 @118919 just feed up with u guys,i ordered phone on sunday &amp; was suppose to get it on monday,due to some emergency i was unable to b in home at that time &amp; scheduled it on Tuesday.But have not got it still.
Order id:171-9137416-4524313
#Worstexperience #improve",feedback,1
"@338729 Apologies again for the ongoing trouble. We aren't investigating any known issues on PS4, but we'll keep track of similar reports.",feedback,3
@509041 Love you too. -AC,feedback,1
"Hey @115911 can you explain this??? My #Note5 has full signal but my #note8 on the same plan has nothing, and they are 6 inches apart #halp",technical_issue,1
Fuck @116827 I'm taking my money somewhere that's not going to rob me.,other,1
@197258 Looking great! Have a fabulous time.,feedback,1
@786262 I'm sorry to hear you haven't received your code yet. Reach out to us here to see if we can generate a code for you: https://t.co/Q7Ftz6nj80. ^SY,feedback,1
"@183921 Hello, did you receive any email about this asking you to send us some documents ?",other,1
@AskAmex Ok. Thanks,feedback,1
"@193086 I apologize, our team is working on a solution. -Maeghan",other,1
"@153048 The purchase $50 and get a 20% coupon is a promotion today, however, the 20% coupon cannot be used until starting tomorrow. Please DM us so that we can provide you with more details. https://t.co/bEVlRVM6db",feedback,1
@TMobileHelp so what happened to my launch day delivery of the X?,feedback,1
"@197111 Hello, please let us know if you have a specific account related issue you would like us to help you with. Thank you. ^mm",feedback,1
"@672256 Apologies for the unpleasant experience. We certainly did not expect this to happen. Please contact us here: https://t.co/vlvfJr4nN9 so that we can assist you accordingly. Please don't provide your order details, we consider it to be personal information. ^JS",feedback,3
"@381283 😒 Well let's make it right for you, Yanet! Send us a DM with what's going on so we can sort this out. *TerriL",feedback,1
@210014 Could you let us know what was the resolution provided? [2/2] ^HA,feedback,2
"Once again, had great, non-delayed and pleasant flights both ways from CLT-NYC and back. Thank you @Delta !!",feedback,1
Why I'm I getting this message? @117013  @AskPlayStation https://t.co/7WXLsO1X6C,other,1
"@356472 Just to clarify, have runs since October 18th synced?",feedback,1
"Jesus @115858, how can you suck so bad?
Latest update of Pages breaks formulas in tables: Formula is correct but cells don't update. Simple B2=C2 doesn't even work (blank cell).",other,3
@KFC_UKI_Help @200151 Ha! What you going to do? Ask her to go back and spend more money to give you another chance?,feedback,1
"@XboxSupport Hi, 

I'm in the UK &amp; when I try to download Psychonauts on the Xbox One store (with the other OG Xbox games) it just says ""that offer is not available in your region."" 

Any ideas ??",feedback,1
@732995 Hey there. Sorry for the delayed response. Please send us a DM with your PayPal email address and a screenshot of the withdrawal you are referring to. I will be happy to help. ^BV,feedback,1
"@629444 If you help with a shipment. Please reach out in a DM with your tracking number, phone number, and full address.^KP https://t.co/wKJHDXWGRQ",shipping_issue,1
"@171475 Apologies for the trouble.Kindly DM your idea number along with your alternate number to assist you better.Rgds,Komal https://t.co/LBfZgLCSfr",other,1
@629755 Here’s what you can do to work around the issue until it’s fixed in a future software update: https://t.co/xXaXeeSRt9,technical_issue,1
@sprintcare If you want to assist me send me a new receipt dated the 12th instead of the 13th like it should be.  No need to do anything in private.,feedback,1
"@SouthwestAir Departing Vegas,  Flight 4921 we have awesome and funny flight attendants! We love it! https://t.co/nLYJlnjUZE",feedback,1
@AppleSupport I literally just said I went through this article and still nothing works.,feedback,1
@225283 @115913 Thanks for staying engaged with us Michael. I'm here with you! *MarkMcLaughlin,feedback,1
@AirAsiaSupport マイブッキングで予約が表示されない,feedback,1
@Ask_Spectrum continues to be the worst fucking internet provider ever. Like can we get through 24 hours without the internet being down? 🖕🏻,feedback,1
@438770 Hey there! Thanks for reaching out! Can you please send me a DM so I can help you out? ^IT,feedback,1
@Ask_WellsFargo Sent to inbox,feedback,1
@303445 Hello Robert. I am sorry for the shorter train. All available stock is being utilised across the network. - Jordan,feedback,1
@623693 It was our honor! Thank you for everything you do. ^JT,feedback,1
why can i not listen to new music @115888 whats the tea it's past midnight already,other,1
@Ask_Spectrum @115955 our main # was shut off instead of the fax # we requested be disconnected ... It's been FOUR days and no one has fixed this. We're a small biz- we need our phone!,feedback,1
@AmazonHelp Figured it out. I had to go to my US amazon account and transfer it to India. This inspite of going to the Indian Store first and setting my country preferences.,account_issue,1
"@227028 Hi Kurtis. Sorry you feel that way! Please don't worry we get you covered. I understand it's frustrating, but if you don't receive the item by the estimated delivery date &amp; the seller doesn't respond to your requests, PLS open a claim with us https://t.co/jCMW0VbYlO ^A",feedback,1
"@AmazonHelp #Amazon can't solve my issue? 
Shitty service by #Amazon 
The Pune office call centre agents are useless.",feedback,3
"@552148 Hi Vivienne 😩 What's happened to make you say this exactly? What device is it you have? DM us more info, we'd like to help. https://t.co/5pyLDJBC6r",feedback,1
@483596 Let's look into that. Send us a DM and we'll go from there. https://t.co/GDrqU22YpT,feedback,1
"@239956 Please provide my team with the tracking number, contact number, full delivery address and your concerns to __email__ for further assistance. ^RF",feedback,1
“By 2019” @115858 ??? Are you fucking serious??? https://t.co/hTON2aNGLo,other,1
@332895 We're looping in an expert who can help you out here. They will reply as soon as they're available. ^Raj,feedback,1
@331310 Please no... -Gabe,other,1
@694036 Hey Robb! We understand - we’re working on it as we speak. Be sure to stay tuned /CG,feedback,1
@602790 Good morning John. I'm sorry for the delayed response to your post. If you would please DM your account or phone ... https://t.co/ofvchdVpit,feedback,1
@Ask_Spectrum You are amazing thank you,feedback,1
@572852 I understand Lee. Please be assured this has been fed back to the relevant team to be looked into. Take care! Lauren,feedback,1
"@324155 Oh no Brian, please forward your Flight #. *AMS",feedback,1
@AmazonHelp Been on Amazon live chat for 1.5 hours and not resolved. So disappointed and has ruined the surprise for my little sister on her wedding day,feedback,1
"@AskLyft When I pass along the code, I'd like to be able to clarify when the passengers can or cannot use it. I don't want to leave them disappointed.",feedback,1
"@393000 Hi, Anthony. We're happy to follow up with you on this. Please DM your confirmation number so we can take a closer look. ^MR",feedback,1
"@201879 Hi, we're happy to hear this Sherlock! We hope you'll be joining us on another experience soon! ^L",other,1
@AppleSupport WHY IN THE FUCK DO I HAVE TO RESET MY PASSWORD DANM NEAR EVERYDAY?! WHO IS HACKING MY SHIT THAT OFTEN!?,feedback,1
"@707586 We are happy to help, Cristian. If you have any questions please feel free to message us. Thanks.",other,1
"@AzureSupport Hi, thanks for asking. And Yes and now, I now know that the java lib I'm using will work perfectly if I create the cosmodb with SQL as query API but I was using Mongo query api. Then the cosmos ui will broken in that case.",feedback,1
@AmazonHelp Your Next day delivery guarantee is fake,shipping_issue,1
"Seriously @116245 
Why even bother giving us the opportunity to add to trolley!!!!??? 😡 https://t.co/A7lnDmtnlR",other,1
"@698313 Hi Chris, it is asked that you purchase your ticket at the first opportunity, if the ticket office is closed and the machines are out of order you may purchase on the train.",feedback,1
@O2 YOU HAVE CUT ME OFF AGAIN! CANCEL MY BLOODY CONTRACT AT YOUR COST! TOTALLY UNACCEPTABLE - I AM ALSO CONTACTING THE OMBUDSMAN,feedback,1
"Hey @115858 and @AppleSupport, can you fix how all our iPhones are running incredibly slow after this last iOS update. I hit a button and a few seconds later it finally recognizes it....HELP!",feedback,1
Document early and often. This is super important. Doing it while you work on code or fields can alleviate headaches later. #dotall2017,other,1
"3gate changes, hundreds of irritated passengers, 1 delayed flight😑 #virginamerica",account_issue,3
@115858 @AppleSupport iPhone still buggy 😫😫😫😫 @,feedback,3
"@642648 その状態ですと、やはりすでにアクティブ化されていますね。
もし、アクティブ化されてるのに○○ができない、等、不具合がございましたら
ご連絡いただければと思います。",feedback,1
@SCsupport https://t.co/e1jmZxQ9Br if possible!,feedback,1
"@ATVIAssist @355957 Hey SM, can you please check and see the status on my problem? I stopped getting replies from y’all yesterday",feedback,1
@ChaseSupport I was just approved for a credit card but I didn’t get the account number to proceed with airline purchase,feedback,1
@183646 Sinto muito saber do problema. O seu pedido foi vendido pela Amazon ou vendido por um vendedor externo? ^JJ,feedback,1
"@airtel_care @194865 Hello,gud morning plz my opera mini subscription no longer search details in the Google, why ,i mean the one of 300 to 1gb",feedback,1
https://t.co/YsYOAZC613 woohoo Kevin is back! Thanks @AldiUK,feedback,1
@ChipotleTweets What’s your excuse today Becky? 🤔🤔🤔 still no app,feedback,1
@538289 Wooo Hooooo. Glad we were able to help. Thanks for the shout-out!  *TLT,feedback,1
"@408591 Hi, Aimee. Thanks for publicly complimenting one of our crew members. I can send a message to the InFlight leadership team.  *HJH",feedback,1
@AmazonHelp Still even after 8 days it stating returning to seller (even a snail can walk and complete 50km in 8 days) God help Amazon transportation,shipping_issue,1
@AmazonHelp __email__,feedback,1
@574074 😮 We want to help Michael. Have you been advised what the extra charges are for? Please drop us a DM and let us know what's happened exactly 📩 https://t.co/5pyLDJBC6r,feedback,1
"@118056 @712948 Can you Direct Message us with details, such as region you are deploying to? ^JN",other,1
"@815590 Hi Sophie. Sorry you've found this to be an on going issues, we'll get this fed back to the management team for you.",feedback,1
@115888 @115888 so is this going to be my next bill even know that I am already on the 10$ a month,feedback,1
"@294212 Allow us to take another look at your application. Please DM your name, address, and phone number. ^UL https://t.co/q1oBDuYAdh",other,1
"@115879 Uh no. No DM. Cause now it says I'm gonna arrive in 16min, but I'm legit NOT IN THAT CAR. #lyft https://t.co/XjI5ZHtmvX",other,1
Bad news :( @116021 is still giving me internet issues. No stream tonight everyone.,technical_issue,1
@AmericanAir sent PM help plz,feedback,1
"@Uber_Support can't believe you already took $15 out of my account, and every single damn uber driver is canceling on me. I'm also in a rush https://t.co/XArIA8kM8s",feedback,1
@ATVIAssist @735921 You've been saying this since launch it's always be patient we're trying to fix this but you already have our money and we paid for a service you can't supply,feedback,1
"@699877 Hi there! Let's check on that service for you. Please send us a Direct Message, so that we can further assist you. -JD",other,1
@186115 Happy to follow up. Send us a note at https://t.co/tv4psVy8sr so our team can connect.,feedback,1
"@456584 While availability is limited, if you keep checking something may become available at any time.",feedback,1
@AmazonHelp Thank u very much big lier asking me cancel order because it's not working out. What an service sir ji,feedback,1
"@Safaricom_Care Sure we did that,What happens after that...",other,1
"@GWRHelp 7.03 to Plymouth - just left LDN. The seat is soaking. No signs or anything so I put my luggage above the seat, as is normal. It's now wet.",feedback,1
@AmericanAir I shared a friend's story. She's not on twitter. She'll be contacting the airline tomorrow morning. Thank you.,feedback,1
"@TfL Thanks, I’ll see that my card is registered in case it happens again. In the meantime, how can I request a refund for yesterday’s journey?",feedback,1
@689009 注文履歴にも記載がない場合、ギフトの可能性がございます。贈り主様の情報は開示できませんが、よろしければ、カスタマーサービスから贈り主様にご連絡させていただきます。こちらからお問い合わせください。https://t.co/NtNAX37Sr4 ET,feedback,1
"@296926 Thanks.  Please update to iOS 11.0.3, after making sure you have a backup, and let us know if it helps with the issues.",feedback,1
@AmazonHelp I no longer have access to that page. Please get someone to reach out to me.,feedback,1
@524872 My team would like to make sure this is properly looked into. Please send us your details directly here: https://t.co/NbuWWN6o01 ^EP,other,1
@British_Airways Still waiting for a call back or confirmation of refund,feedback,1
@delta you have the most amazing employee! Saturday 10/07/17 at ATL airport flight 1755 Terminal… https://t.co/YrHNDRH1sB,feedback,1
"@AmazonHelp si no van a cumplir con fechas de entrega, no hagan promesas falsas..., ¿cuándo tengo mi paquete? https://t.co/2iMt4k4XLz",feedback,1
"@751319 In an effort to enhance your support experience, and to avoid further confusion we'll be following up any further questions or concerns you may have through in-app support. Thank you so much for your patience and understanding with us.",other,1
@BofA_Help @116035 @126006,feedback,1
Roast for 35 mins on 180°c they say 🙈 @sainsburys https://t.co/xLLOSGujtk,feedback,1
"@GWRHelp on the 20:36 to Ply. Delayed, but that's fine. Train manager being fab. What's the actual issue @115793",feedback,1
@ChipotleTweets is it a store rule that I can only get 2 vinegrettes?,feedback,1
@362532 Here to help! Send us a note at; https://t.co/fS660rQ8NQ so our team can assist.,other,1
@389358 That is unfortunate we have introduced the mpesa 1tap payment solution that is linked to your mpesa account that is ...,feedback,1
@AmazonHelp Yes I am. I have the money there and I would just prefer to use that.,feedback,1
"@750808 Hi, I have responded to your post in dm. Thank you, -EP",feedback,1
@115888 Wow hi it's ok now i just re-downloaded it thx for the service though 💯,feedback,1
"@774213 Vous m'en voyez sincèrement navrée. N'ayant pas accès à votre compte client depuis Twitter, vous pouvez demander a être rappelé par notre service client via le lien suivant s'il vous plaît:  https://t.co/hgIrz9pN5g
^SA",feedback,1
@AmazonHelp Thank you for your prompt response. A package of mine was delivered to an address in a different area code than the one I had initially 1/3,shipping_issue,1
@569944 @115913 Hey! We'd love to check out all of your options to get into that great device! DM us. https://t.co/3sF8qpf2nx *AlissaFast,feedback,1
"@811350 Hello. That's nice to hear, thank you! I'll be sure to share your tweet with her manager. Have a nice day :) Natalie",feedback,1
"@Delta Didn’t know it takes that long. Is it possible to backdate the challenge start once approved, so my upcoming flights count towards it?",feedback,1
"@O2 hi, my number is transferring from old phone to new one (with you) today and you text me to tell me to turn my phone off. Which one?",feedback,1
@JetBlue. You guys rock with the wifi in the airplane and your services..can we also get a place to charge phones inside?:)#suggestion,feedback,1
"@AskTarget @459495 Hey @AskTarget if you are gonna lie, at least get together and use the same lie going forward cause this is what you said yesterday. https://t.co/3sPQT3GkZ8",feedback,1
@404157 Thank you. ^Osebi. (2/2),feedback,2
@346375 Sorry but that has to be checked in accordingly to avoid any inconvenience during airport security screening. Thanks - Ed,other,1
@AskTarget Savannah,other,1
@457207 Here to help! Send us a note here; https://t.co/e8HVorX5rh and our team will be able to help.,other,1
@AirAsiaSupport The flight timing I booked does not match in the 2 emails I received from https://t.co/l3jDnV73zq ID:XETJRB. #AirAsia,feedback,1
@115873 this email makes no sense https://t.co/ly8ORocbDE,other,1
@544711 Do you need assistance? ^AD,feedback,1
"@AskAmex @129007 Thanks, AmexUK can you advise as I have a big payment tomorrow so need to know which card to put it on :) thanks",feedback,1
"@671085 @120314 As there isn't enough stock to provide this to all customers we're unable to offer this.

Thanks, CD.",other,1
"@443163 We have no insight into your account via Twitter. Please contact us, the Social Media Team, here: https://t.co/br7bhrlJn8 ^DS",other,1
@GloCare I wish to welcome back one of my CUG lines with a missing sim pack. I'll need help as regards to that.,feedback,1
@459120 @115714 You guys can join my family plan if you want,feedback,1
@198945 Let's take a further look into this. Please send us your email and phone number linked to your account.,other,1
@127048 Hey! Hope you’re doing well today. This is concerning to us. Allow us to look into this for you. -SJ,other,1
@352596 I do apologize for the service issues. Could you please Follow/DM your full service address or account number so ... https://t.co/q7sTQWrEaS,technical_issue,1
This is my favourite Sauvignon! It tastes and smells delicious @AldiUK #AldiWineClub 🥕🥕🥕 https://t.co/R4dd6jbKdm,feedback,1
"@120984 Crayford is dirty, trays piled up everywhere and is ridiculously slow - 20 mins waiting for your order !",feedback,1
I am watching Shin Chan Season 1. But currently it is not available to my location. Why are you people doing like this? @119625,feedback,1
"@199632 Thank you for sharing your contact details. Request you to insert the new SIM in slot 1. Rgds, Pradnya https://t.co/LBfZgLCSfr",feedback,1
@Uber_Support Thanks for taking time to reply to me,feedback,1
"@355369 Hi, John. My apologies. Pls follow &amp; Direct Message your Delta confirmation # and your KTN for review. *HJH",feedback,1
Working from home today with the windows open and this @115900 truck has been idling for nearly 2 hours. 💨🌫💨🌫💨🌫💨🌫💨🌪 https://t.co/9ajT6AGisR,other,1
"@408589 Sorry to hear this. Follow up here; https://t.co/e8HVorX5rh. If you'd like, you can also DM us with your email address so we can assist!",feedback,1
"@GoDaddyHelp Hi GoDaddy - my website is hosted with you, and i have just done some updates from my account that were recommended. Now my website is down! Please help, my website is https://t.co/9AEdpqNaQQ",feedback,1
@SpotifyCares Its with version 8.4.22.515,feedback,1
@194639 What is the general nature of your concern? Pls do not share any personal information. ^Clarissa,other,1
"@AmazonHelp Ma foi, si ça vous fais plaisir... Moi je reste mécontent. Vous irez expliquer à ma nièce pourquoi demain elle n'aura pas de cadeau d'annif.",feedback,1
"@AmericanAir Missed her flight, they admit they told her the wrong gate but they told her to wait 16 hours until tomorrow to see if they can get her home",feedback,1
@sprintcare you guys charged my card but I didn’t get a confirmation email so did it go through OR NOT,feedback,1
"@297278 we understand your concern has been discussed and communicated. Regards, Prashant",feedback,1
"@468659 Hi Matteo, I'm sorry you were able to purchase out of date Coke. This is not acceptable. We take things like this very seriously. 1/4",feedback,1
@700939 Glad it was delicious! Thanks for choosing to fly with us. -Kimball,feedback,1
"@SpotifyCares Ok, thank you!",feedback,1
#WellsFargo withdrew my Wells Fargo cc payment BEFORE posting my depositing. “Can’t” reverse overdraft fee. Time to find a new bank. #dislike #sketchy,feedback,1
@AirAsiaSupport Hello. I am waiting on a response.  I was cxled again!!!!,feedback,1
"@115850 Talke more than a week to renew @117795 membership ?? 
#badcustomerservice",account_issue,1
"@125219 Waiting around is never fun, our team will have you on your way just as quickly as they can.",other,1
"@UPSHelp I really hate ordering from companies who ship through you. Instead of my package coming to my home, it goes to the local @123967. And your CS agent doesn’t seem like he knows anything. So frustrated! #ups #usps #target #customerservice",feedback,1
@VirginTrains I only use the App to buy tickets &amp; always used Virgin as first choice. As I said earlier it doesn’t seem to have worked right since the last upgrade. If I can’t be confident of getting the best price I’ll have to use someone else’s App.,other,1
@442605 Who provided you with the sandwich. Rach,feedback,1
"@817041 Hey there, July! Are you currently a Boost customer? Be aware, we have free phone offer and upgrades for new and existing customers. -JC",feedback,1
Waking up and knowing you can have your advent calendar for breakfast. The ultimate #FridayFeeling https://t.co/dGEdPwxZ3X,feedback,1
"@270590 Hi, you may contact our Lending Team at 1-888-609-7805 for more information on the decision. ^JR",feedback,1
@407850 Please be sure to keep us posted. We are happy to help. ^RK,feedback,1
@247550 Hey there! Thanks for tagging us so we can help you with your iPhone. Follow these steps to get your iPhone updated to iOS 11.2 and let us know how it goes: https://t.co/osZOKKTalm Make sure to back up first.,feedback,1
@237242 I'm sorry to hear about this! Was the item marked as a gift during the checkout process? It looks like the item you received was shipped in Frustration-Free Packaging. You can learn more about this here: https://t.co/5gLyZQHExo ^JS,feedback,1
"@AirAsiaSupport Yes. I have. That’s why I’m asking. Because at the point of booking, it says RM111. But if checking from your link, individually, it’s lower than the price quoted.",feedback,1
@Tesco 😉,feedback,1
@115722 NEW $ are working to push me away - wanting to charge almost $200 a month for cable (3 channels freeze or lose sound regularly),feedback,1
@AlaskaAir And again #epicfail #alaskaairlinesucks #alaskaairline #virginamerica,feedback,1
@AskPlayStation my controller doesn’t work when I start a game. It is very weird because it works in the ps4 menu completely fine but once I get in none of it works accept the home button. How do I fix that?,other,1
@115940 i got a gift card when i try to redeem is say the pages is broken,technical_issue,1
"@487187 Great! Is there anything else, I can assist you with this morning? ^CM",other,1
Walmart continues it's contributions toward post hurricane recovery in Puerto Rico.  #BetterTogether  https://t.co/kfvpZLuUqJ,feedback,1
"@AzureSupport Thanks, I have customer that requests this feature. Any roadmap for this?",feedback,1
@407376 @VirginTrains Thanks @VirginTrains: drvr opened door; we made very swift decision; disembark; got @115873 within 5 mins; arrived Paddington 45mins ltr.,feedback,1
@294793 We are sorry about that!  Have you touched base with the store?,feedback,1
@645769 Hi Marvin - you can find your local Greenlight Hub locations here: https://t.co/ZjP0xlO5Rw.,feedback,1
"@394381 We apologize for this service, Wilmer! May we please have the store location? Thanks!",feedback,1
"@AskeBay Any idea why paypal account won't work? I try to buy with paypal but all i'm getting is ""fix issues w/ your paypal account""
Help??",feedback,1
"@219816 @3975 Hi Stephen, Thank you for your comments. ^BK",feedback,1
"@789112 Due to our privacy policy, we're not able to address these concerns over social. Please have the account holder (or the person you're writing in for) contact us at https://t.co/balq3Eyso6 so we can assist them further. Please let us know if you have any other questions.",other,1
"@sainsburys yo sainaz, bought 5 custard doughnuts today and there's no custard in them. Imagine my disappointment! https://t.co/EP1tfzd4k7",feedback,1
"@115879 and on top of that, they don’t have a customer service hotline. Are they afraid to hear many complaints?",other,1
@AskPlayStation I’ve tried everything but still won’t let me sign in,account_issue,1
"@120279 #A380 on stand overlooked by the tower &amp; @British_Airways  #747 @119137 
I love my job 😁
#avgeek 👮✈️🤓 https://t.co/u27R7Sb917",feedback,3
@477573 The best part of our day is seeing you! Stop by again anytime.,other,1
@TMobileHelp So look into it,feedback,1
@137800 explain this. I've never redeemed my $$ yet it's gone. I wanted to let it accumulate! https://t.co/p4hfCWPcmO,other,1
@405307 Please contact Twitter for additional help on adjusting your settings. Thanks!,other,1
"@301289 Hi, Graham. We suggest that you contact our Xbox Support team through this link: https://t.co/Eu0ktdPHi7. Keep us posted.",feedback,1
@AmericanAir Unbelievably bad CS on my last two calls. It’s like nobody at the EXP desk cares about anything.,other,3
@sprintcare I did on Friday,feedback,1
@579080 We want to know more. DM us. https://t.co/FUsmRWStIs,other,1
@718056 Our sincere apologies for the disruptions to your travels. Please see our gate agent to check on available options.,other,1
"@SouthwestAir Drops the ball again, changing my flight and then shackling me to the fare AFTER I call in time to cancel. #fail #noflyzone",other,1
"@GWRHelp  A very cramped journey on the Cardiff train, verging on the unsafe. 😡",feedback,1
@201717 cont... inconvinience caused.^CK,other,1
"Señores de @115858 @AppleSupport cuando desaparecen el 95% dela contactos de mi teléfono, qué se supone que tengo que hacer? Gracias.",feedback,1
"@703209 Let's take a look and find the best option, Andrew! Send us a DM! We got you! :) *RickK",feedback,1
@AmazonHelp The other person in my Amazon Household (my other half) isn’t able to use my prime benefits and is no longer showing as part of my household on their account. But is on mine. But your 180 rule means I can’t delete him and re add.,other,3
@AppleSupport It changes with whatever message I send.,other,1
"@marksandspencer , any word on this? Your Marks &amp; Spencer parcel number 15501150708514, I've tracked,  still tells me nothing...",other,1
@Delta Thanks. I did not want to mention other airlines in my initial complaint to be fair.,feedback,1
"@286409  Hi, give a brief of the issue. ^NC",feedback,1
@581095 Thanks for stopping by. We love when you visit us!,other,1
@AppleSupport  https://t.co/cOz35HNaW3,feedback,3
@165366 That’s disappointing to hear! Could you please DM us more info so we can put things right for you? ^KR,feedback,1
@451284 Because why not?! 🥂,other,1
"@510645 Hi, thanks for reaching out. Please send your name/ZIP/phone and we'll call you. ^nl https://t.co/CoOXedUuUC",other,1
@USCellularCares So I’m very unhappy,feedback,3
@115858 pls fix the stupid text glitches 🙃,feedback,1
Whats the best #iPhoneX deals folk have seen? Been with @O2 for 15 years but they offer no loyalty discount.,feedback,1
@392685 Let's figure this out. What's happening when you try updating your apps? Have you restarted your iPhone and the App Store app?,feedback,1
@820589  Hi there. Which U.S. issued Amex Card product do you have (please do not release any personal identifiable information)?,feedback,1
"@171971 We're awaiting for your response to resolve ur issue. Pls provide the same within next 24 hrs. Rgds, Idea Care",feedback,1
@498958 Thanks for reaching out. We'd like to have you try the following steps: https://t.co/uQeXsrrlXJ,feedback,1
@116988 I’m currently residing overseas and need to report a lost Amex card!,other,1
"Honestly, @118189, thank you. Keeps getting better and better. Add the option to up storage for another monthly fee and it’ll be perfect. https://t.co/LJIFJ7c9tD",feedback,1
@775772 Hello Dave. It's disheartening to hear that we failed to meet your expectation.  *HPF,feedback,1
@Delta Thank you @Delta. I live in U.K. so would prefer not to have to call the US. All i need is my ecredit splitting up into 3 smaller credits.,feedback,1
@AskPlayStation I'm trying to buy dlc but it won't let me it says the card on file is invalid when I put the correct info. Is this a bug?,technical_issue,1
@CoxHelp Ok thank you,feedback,1
@317790 please DM us a photo and your Gamertag so we can help troubleshoot the error.  3 ^JL,feedback,3
@562261 @115911 @115725 2/2 I have unlimited data and they limit my hotspot use when I hit 15gb it pisses me off! I can’t even use my iPad on my hotspot anymore! :(,feedback,2
"@143412 Hi Jo, I've contacted the store and spoken with the Duty Manager who has assured me this will be looked into. TY - Joanne",feedback,1
@136743 Good question! When did you open your new ISA account with us? ^JB,feedback,1
"@475976 Thanks for providing the store location, Freddi. We'll be sharing your feedback the Middletown Target Merchandising team!",feedback,1
@117451 @374073 @Ask_Spectrum That sucks,feedback,1
Hello! @115937 Have refunded my money via #paypal for the item which was purchased via credit card(visa)and its been a long wait to get it into my account..!what's wrong???,account_issue,1
@SouthwestAir I’m on with a Customer Service rep now. She is refunding my money. Which is just the absolute least it feels like you can do.,feedback,1
"@410294 Hi, there. Can you please send us a DM so we can help? https://t.co/SXpdictw1A",other,1
"@190208 Hi Jenna, we apologize for this experience and want the opportunity to alleviate your concerns. 1/2",feedback,1
@116827,other,1
@CoxHelp We are based in Chicago and are not in Cox’s service area,other,1
"@TacoBellTeam Richmond, IN 🙄 Can't even eat my burrito now.",feedback,3
@627365 That's great to hear.  Please feel free to reach back out if you experience any further issues. -ML,feedback,1
@ChipotleTweets i love your peak of the gayo,feedback,1
@341223 ...www.dropbox.com/help/desktop-web/sync-icons#desktop 3/3,other,3
"@123644 hello I need to host a native app (iOS &amp; Android). Its a small app, I need to know what I need from AWS and monthly cost Please 😀",feedback,1
@494736 I'll feed your suggestions back. ^PA,feedback,1
"@448177 @448178 If you need any assistance with your connection please let us know and we will be glad to help. 
^HSB",feedback,1
"@AmericanAir New gate L10, I think it’s more the airport than the airline. Chicago 🤷‍♀️",other,1
"@365298 @ChipotleTweets Girl last month I found a bug in mine and I've been scarred since, so sad 😭",feedback,1
@144105 Oi Luciane! Tudo bem? Você vai aproveitar as promoções do Black Friday? Tem muita coisa boa! 😍🎁 ^JJ,feedback,1
@Delta I have been sent back and forth between everyone twice now.  Getting extremely frustrated.,other,3
"@334490 What are you waiting for, Kirk? Come by!",feedback,1
.@116016 Internal computer systems down. Can’t access acct. can’t reset password. Staff can’t give estimate of fix time. What’s going on?,technical_issue,1
@115888 pls update for the iPhone x 😭,feedback,1
@421958 So sorry to hear this. Hope you're ok. Please send us a DM so we can look into this immediately.,feedback,1
"@115850 @AmazonHelp 

1. Didn't deliver by committed time by 8pm 
2.Didnt even deliver the product. 

Worst service ever.",feedback,1
@ATVIAssist all good my end now thanks 👌🏻 https://t.co/xwuyRWdy64,feedback,1
@comcastcares Nope all good!! Thank you!,feedback,1
"@AirbnbHelp Hello. I am trying to submit a claim towards my security deposit but ended up being directed to ""request money"" from guest. Can you please confirm this is the right path?",other,1
@667349 Try the steps here:  https://t.co/8MvHMFZ83h DM us if your iPhone still does not power on after. https://t.co/GDrqU22YpT,feedback,1
@549063 We have forwarded your request to the relevant team and youo will receive the revised itinerary once done ya Tisya =) yana,feedback,1
"@TMobileHelp Obviously @TMobileHelp are cooler, maybe thats a reflection on their service https://t.co/pYM6STn1Ei",other,1
@474813 Hey! Sorry you're running into this. Can I have you do a cache clear https://t.co/WvlDqqYZ33 then restarting the app? ^AM 1/2,feedback,1
I’m still trying to repair my iPhone 5s but iTunes give me an Error code 3194 🤞🏻 @AppleSupport https://t.co/qcQBxgTBEA,feedback,1
"@247440 Hi Tarun, I am looping in our Lightroom expert for further assistance.
Regards^SK",feedback,1
"@404602 HI Alex, as mentioned earlier, please contact our customer service colleagues with your Oyster card statement for further assistance. ^BK",feedback,1
@Tesco my digital download wa due an hour ago yet I’m still waiting,shipping_issue,1
"@283071 When you contacted us, were we able to provide any information/insight? ^AR",feedback,1
@408893 Console https://t.co/QENEhDs7tB then turn back on notifications. 2/2 ^TJ,feedback,2
@161254  https://t.co/qNUQeXTHEa,other,1
@239008 We apologize for the downtime. We are aware of the issue and our Engineers are currently working hard to resolve this. Thank you so much for your patience!,other,1
"@752635 Hi Pete, really sorry about this. Can you please DM me the barcode, your More card number and address? Thanks - Sammi",feedback,1
@sainsburys I don’t have a nectar card at the mo. Have messaged... thx.,feedback,1
"@215176 have the requisite cash ready when receiving the order, in case the card payment option is unavailable. 2/2 ^KA",other,2
"@456665 Pls call Serve for assistance @ 800-954-0559, 24/7. Wishing you all of the best. ^Clarissa",feedback,1
"@115873 How does @115873 recruit Rohingya drivers in Bengaluru? They can't even get DL. What's happening, @Uber_Support??",feedback,1
"@762038 Apologies for the trouble caused. We request you to share your idea number to assist further regarding the network issue. Also would like to inform that the message are informative, so request you to link at the earliest to avoid inconvenience.

Regards,
varsha. https://t.co/LBfZgLCSfr",feedback,1
"@AmericanAir I'm getting lonely without my suitcase. Can you tell me where it is? Website says ""file closed""; telephone says it is ""delivered""; no bag is here.",feedback,1
@Morrisons dissatisfied once again saved my 10p off a litre of fuel to fill up I presented the voucher and paid with my card and didn’t realise until I drove away that I had not received the 10p off as attached. I would appreciate a speedy response https://t.co/7ll5IGrnJG,feedback,1
@532332 Thanks for showing us. Did you already back up your device? It's highly recommended that you perform a backup before updating.,feedback,1
@VirginTrains And now insufficient wine for two glasses. I’ve heard of BYO but this is  #bloodyridiculous,other,3
"@AppleSupport Yes, that's the problem:( help meeee.",feedback,1
@398089 I also checked Frozen Summer Fruits; they were in stock but only until 6th November which makes me think these are seasonal products. 2/3,feedback,2
@168437 Let's take another look. Please send us a DM with the email linked to your account and we'll follow up.,other,1
"@AzureSupport Sorry, missed the link part...",other,1
#PilotParker was ready for takeoff on @alaskaair!!! #iflyalaska… https://t.co/wOY0icqfed,feedback,1
@AppleSupport Did it through iTunes. Thx,feedback,1
"@British_Airways #2157 has not been cleaned well at all, smells of vomit and screens filthy. Basics really matter!",feedback,1
@115850 It is that easy that you have to call and message them 100 times to get your product refunded or replaced,feedback,1
@Tesco do you accept this card in your stores? The your choice gift card. https://t.co/u4YPcuUMsX,feedback,1
"Q: When did @British_Airways become Ryanair? A: BA471, 30/10/2017",feedback,1
"@116057 excuse me but a merchant should not be able to charge me $43 for a ""hold"". I am so broke and this extremely inconvenient!!! https://t.co/9vOc76qCxr",other,1
No PDBs served in #FirstClass on @AmericanAir #AA1310 #FlyingMistress,other,1
"@242641 Please DM https://t.co/jF6LqBCZ2c your name, phone and i.d number for assistance. ^CK",feedback,1
@145686 ☹ What's happened exactly? Is there anything we can help with from here? Let us know: https://t.co/5pyLDJBC6r,feedback,1
@Tesco Thanks!,feedback,1
"@388043 Hi. The photos look like the content is downloading to the device, from iCloud. Have you recently updated or backed up your device?",feedback,1
@VerizonSupport I'm following and just sent you a DM. Please help.,feedback,1
"@ComcastCares
#mobile_CareXI",feedback,1
"@231679 If your package tracking information has not been updated within 24 hours, I recommend you contact the shipper. They will be able to initiate an investigation and may be able to send a replacement package as an investigation can take up to 8 business days. ^TT",feedback,1
Departure time and my new @British_Airways 787 is broken apparantly. This could be a long night...,technical_issue,1
"@JetBlue also, your phone system doesn’t work. it’s completely silent.",other,1
"@118422 specific; however, where you change your device, you will be required to download the App and Log In. Thank you. ^Osebi. (7/7)",feedback,1
@572994 We never want to disappoint our guests! We’ll share your request for up &amp; up Diaper Cartwheel Offers with our Store Operations teams.,feedback,1
@153498 @idea_cares Same problem with me.. i have paid full amount already and they are not in mood to disconnect number,feedback,1
@nationalrailenq renewed my 16-25 card digitally and not getting any code in my email,account_issue,1
"@AmazonHelp I'd included an email address on that link, if you would like to DM me I can provide the email again, or a telephone number which-ever you prefer",other,1
@361085 Happy to help! Please DM us your email and phone number associated with your account so we can look into this.,other,1
"@375563 Oh no, we do apologize for the delay, it is never our goal to let you down. *AMS",other,1
@521291 Oh no! Let's talk about this in real time. Please call or chat with us here: https://t.co/aJVOVFRSWp ^BA,other,1
@SW_Help Any idea what sort of time it might depart Exeter? Am nervous solo traveller and don't like hanging around stations at night!,feedback,1
@147264 @117627 Please send DEREG to 7728 to deactivate Caller Tune service on the line.  TT,feedback,1
@SW_Help @119696 You have a lot of angry people here this service is pathetic. We are being told to wait,feedback,1
HELP i cannot login to my Dropbox and it's difficult to see how I can contact your support team via your website! please contact me @118189,technical_issue,1
@129841 @AmericanAir It was short but sweet! https://t.co/Wn9bD8Ugzb,feedback,1
@Delta @702703 Fuck I remember this,feedback,1
@TMobileHelp I missed the deadline to return a phone because I was sick 😷 and your CS won’t help me out,feedback,1
"I’ve discussed dangerous driving from rideshare drivers, but this @115873 experience from a friend is ridiculous. https://t.co/aXwQGMpveW https://t.co/HKEofg39qK",other,3
See. Now i did the word replacement thing and it’s still doing it. @AppleSupport don’t make me cut y’all.,other,1
"@AppleSupport @745793 and I️ need your help, Apple.. You’re our only hope",feedback,1
"@ArgosHelpers  just a quick one, the fifa 18 ultimate team 500 points xbox one receipt code are they sent via email or collect in store?",feedback,1
@119432 Customer was already assisted with the reversal issue. Have a good evening. ^AB,feedback,1
"@3129 @AmericanAir  WHAT A MESS.  SFO-LHR   Terrible seats, not TSA Pre checked No special meals. Mum disabled. No premium econ which i paid",feedback,1
"@573659 Hey Terry, thank you for reaching out to us. Would you please send us a DM? We would like to hear the full story. Thank you. Ange L",other,1
@GWRHelp just checking all running smoothly Shiplake to Paddington this morning. Can you advise?,feedback,1
@421304 We'd like to assist if we can. What's going on exactly?,other,1
@294980 We're #stoked! -Rad,feedback,1
"@357613 If you're a oneworld Ruby member then you'll be able to check in anytime at the airport, Colt. ^JR",feedback,1
@476361 Thanks for reaching out. Our team has received your report and will be reaching back out to you as soon as we get the chance.,feedback,1
Allll @116602 / @115940 need is a Randomly Pick One For Me button 👉⭕,feedback,1
@AmazonHelp Right but these are dated the 20th and I haven't ordered anything so why are they being verified?,feedback,1
@GWRHelp Slough-Paddington-Charing cross and back. Family of 8 including baby and toddler.,feedback,1
"@225033 Looking forward to having you a part of the family, Mike! :) -Sara",feedback,1
@390705 We look forward to having you on board with us. -Maeghan,other,1
"@AskPlayStation I accidentally deleted the master acct off my PS4 and want to upgrade my sub acct, but it says error communicating w server",technical_issue,1
@759576 We love our friends at United and we're ready to give you a lift anytime. Where are we going?,other,1
"Dear @SouthwestAir, 

Please answer the phone. I’m sick of hearing from David, a pilot at Southwest. 

-Logan",feedback,1
@12172 seems your PowerBeats3 aren’t much good. My pair has given up after a handful of uses! Seems it’s a common fault as well.,feedback,3
"@615929 @115993 I apologize for the delayed response! I have responded to your DM, please check your inbox at your earliest conve... https://t.co/qoI435QBAV",other,1
"Was on @115877 at 1:55, placed my order &amp; was excitedly waiting for delivery, 15 mins later they cancelled it!#whataletdown @148768 https://t.co/AIsSAFLljx",shipping_issue,3
@XboxSupport how can I play one account on one monitor and play a second account with one Xbox at the same time,feedback,1
"Dear @115858, the fact that I️ have to choose between listening to music, charging my phone, or paying for a $35 dongle is ridiculous. https://t.co/4HdaGgzFgB",feedback,1
@205862  Ok. Please power cycle the cable boxes and let us know the results. Thanks. -Allan,feedback,1
@AskPapaJohns Y'all owe me pizza it was wrong the last time how would I do that,feedback,1
isabelle just found an avacado STICKER IN HER BOWL wtf @ChipotleTweets https://t.co/u80MRMm4Eo,other,1
"@idea_cares  MY MOBILE NO . IS 98791 53060 , I AM USING IDEA SERVICE SINCE APROX 2014, NOW A DAYS NETWORK IS NOT COMING IN MY OFFICE..
I WANT TO PREPAID MY NO FROM POST PAID",feedback,1
"@773887 That's not right! I'd like to take a closer look, please fill in your details here: https://t.co/GIJyeYqKE0 and we'll reach out to you. 
Please don’t provide your order details as we consider them to be personal information. Our Twitter page is visible to public. ^JC",feedback,1
"After years of shopping @115821 they've let me down for the first time. They blame carrier, carrier blames them...customer gets screwed.",feedback,3
@201101 my dog was hit around 6 last night on morrisey BLVD in Dot...I’m trying to locate this guy who was kind enough to take my dog to angel memorial so I can thank him....I have a pic because someone took it to try to find the owner of the dog (me) and posted it..thanks https://t.co/GDIubcjlfF,feedback,1
@333610 I'm here to help! Please DM your account details to begin. -KB,other,1
"@195555 I'd be glad to see your internet do better for you! Please DM me, and I'll assist from there. -Alex",feedback,1
Someone please let me know why it’s $1.49 for a large sweet tea at McDonald’s?,feedback,1
"@115913 @TMobileHelp 
The phone had no balance cause it was paid 2017 of March. And Tmobile ensured me that the phone is unlocked. Tanks https://t.co/BqXNIQSnvT",feedback,1
@370639 Thanks for reaching out today.  Are all apps updated on both devices?  When did you update to 11.0.3 exactly?,feedback,1
"@432590 Hi, Kaitlyn. You can check in once you land in your destination city. ^JB",feedback,1
@British_Airways OK BA. I have now tried several times over more than 24 hours trying to pay for a seat and your system fails. Call me.,billing_issue,3
@AppleSupport Since iOS11 iPhone regularly disconnects/fails to connect to my car’s Bluetooth system. Was fine before...,technical_issue,3
"@229911 Bonsoir, navrée pour cela 😓 L'avez-vous signalé à notre SAV je vous prie ? ^MA",feedback,1
Terrible customer service @115858 store in Bromley so called genius' don't even know their own policies @AppleSupport,feedback,1
@189406 Let's change your perception! What's going on? ^DDD,other,1
"@Uber_Support Done with you, done with your services, don’t wanna give any details now. 🙏",other,1
"@SouthwestAir My wife and I are at PVR for our flight to DEN, but unfortunately you aren't! Do you have an ETA for your employees?!",feedback,1
"@510928 Hi Stephanie, I am really sorry about this. Did you purchase the boots in store or online? - Meg",feedback,1
@302491 Got it. Please meet with us in DM. We'd like to work with you there. https://t.co/GDrqU22YpT,other,1
"@marksandspencer mum has done new food order, says code VIP20 already applied, but wasn’t. Can you help pls?",feedback,1
@500792 Hey there! Please clarify your issue via this DM link and I'll be happy to help. ^MB https://t.co/c9WoAfwenP,other,1
@sprintcare Internet trash asf,other,1
"@sprintcare @410530 Don't DM. They will tell you to go pound salt. #Switch

#TrustMe
#ThankMeLater",other,1
"@802317 Sorry to hear this, Kath. Can you let us know some more details please, so we can pass your feedback to our Customer Experience team.^Jo",feedback,1
@197720 Was the 2nd router one that was purchased from Verizon or from another company? ^RMD,other,1
"@723320 @94336 Yes exactly same thing, you will have to cut the Power and start the pc again. Try not to use the sleep mode until they fix it",feedback,1
"@145061 No problem, Abhishek, we're happy to help.",feedback,1
"@311403 See, dreams do come true! Can't wait to see you soon! ^SJ",feedback,1
@691942 @GreggsOfficial Jesus,feedback,1
@387973 Sorry but kindly try using laptop/desktop via web as an alternatives. Thanks - Ed,other,1
"@AmericanAir Flight’s been delayed twice. Now I might not making my connecting flight, forcing me to spend the night in the airport.",other,3
"@618998 Hi Matthew, sorry but we don't have any further information the airport staff will do the best they can to keep you up to date. ^AC",feedback,1
"@201758 Apologize for the inconveniences. Please follow us on Twitter and let us know once you do, so we can send you a DM.",feedback,1
@AlaskaAir @413672  https://t.co/lIPU5nZeS7,other,1
"@sprintcare @116447 I gave you the areas and the dates, what more do you need? How about a Speedtest? https://t.co/M1MLIjNRyT",feedback,1
"@233324 No worries! If there's anything else we can help you with, just give us a shout 🙂 /AG",other,1
@NikeSupport can a 14 yr boy use this Nike training app?,feedback,1
@467848 Hi. I'm afraid I wouldn't have this particular information. Size should display when starting the download process. ^SM,other,1
@ChipotleTweets In Goleta off Hollister/Storke!!,feedback,1
"@371834 Hi, Ramses! Could you share more details about what you're experiencing? We're here to help.",feedback,1
@153899 @121428 As you were on a @120576 service you will be best to speak with the team there. ^BT,other,1
@115858 what is wrong with this software showing this all the time. This continues to keep coming up and I’m not the only one. https://t.co/8kwpVv3F9V,technical_issue,1
Hey @SouthwestAir - bug for your software team. Agents can’t upgrade boarding for pass rebooked from Cancelled flights. Missing out on $$$,feedback,1
"@XboxSupport I purchased a micro transaction that is not showing up although on the Xbox website the order says it was completed,please help",feedback,1
@191950 No worries! Give us a shout if there are any other questions in the future 🎶 /M,feedback,1
"@165650 Hello To know your Tariff plan, kindly dial *121# select 2 for ""Manage My Account"", and then select 5 for ""My tariff plan"". Thank you.",feedback,1
"@British_Airways This is my boarding passes pdf file.
Is this included checked baggage? https://t.co/wmEzpy4rmL",feedback,1
"@457838 Hello, I would like to help. Are you still experiencing issues? -Jules",other,1
"@354874 Hi, sorry to hear this, @120893 can now view this tweet or you can text them on 61016 they will assist further. Thanks",feedback,1
@XboxSupport replaced by Xbox One Day One Edition with a Xbox One Project Scorpio Edition only to find out that after spending a combined $1000 on these consoles I need to shell out an extra $30 to continue to use my Kinect sensor?!,other,1
"@656959 I'm a fan, too. -Becky",feedback,1
"@544611 Hello Joe, I do apologize for the issues you are experiencing with our service and I will be happy to assist. Can... https://t.co/SkNBDENPZl",feedback,1
@Delta Yes! So I lost my passport in a Delta airplane last weekend. My visa was there. I have an upcoming trip that won't be able to complete since I don't have my passport with visa on it. I'd like to cancel that trip and get credit instead but it's been impossible to contact a rep.,feedback,3
@CoxHelp What’s the process for DM you?,feedback,1
@280569 Sorry to hear that. Can I ask if you purchased the item directly from us or from one of our sellers?^TI,feedback,1
@290149 Hey Eddie. Please try the following steps related to the error code CE-34788-0: https://t.co/NNsSBC0k4Y,feedback,1
Umm. Where is mine? I’m pretty sure @115817 has lost it. It’s been “in transit” in China for a week. Has UPS collapsed? https://t.co/UpMZbnOub5,shipping_issue,1
"@389838 Hi Anna, we no longer make our Limited Edition lingerie range :( Sorry for any disappointment caused",feedback,1
@AppleSupport password,feedback,1
@680524 Just left you a VM. Please let us know a better time to contact you back. ^ds,feedback,1
"@405959 In order to further assist you. Please send us a Direct Message, so that we can further assist you. -CS",other,1
"@AirAsiaSupport can travel itinerary be used for tickets ? and if there's ""fixed"" in flight details, does it mean that the tickets've been paid ? Thank you.",feedback,1
@579875 Hi Vincent.  Is there something specific we can look into for you? DM us (no acct #) your concern so we can get started. ^GJ https://t.co/q1oBDuYAdh,feedback,1
@740041 We're making huge improvements in DCA over the next several years and would love another chance to impress you!,feedback,1
"@548862 Let us help. So that we can explore the best options for your region, DM us which country you’re messaging us from. https://t.co/GDrqU22YpT",feedback,1
@O2 where is your info on international call tariffs for pay as you go customers? Gave up looking and made an expensive call as a result :(,feedback,1
@AmericanAir hey there. Help take care of me. Your people didn't want to.,feedback,1
@3072 Please start working together with @29918 to integrate the personalized hearing profile in your mobile apps. Mimi is awesome and helps saving one of most important sense!,feedback,1
@AmazonHelp As suspected - my order didn't come. Still not dispatched. Second time in 2 weeks Prime delivery has let me down. Not impressed.,feedback,3
"@VirginAtlantic Direct, via phone actually",feedback,1
"@218492 efforts to offer you the lowest price, may result in fluctuations in our prices over time [3/3] ^HA",other,1
@British_Airways Go for it @British_Airways,feedback,1
@240632 Hi there! Are you installing these games to an external drive by chance? ^CO,feedback,1
@AskPlayStation I lost an hour of my life because I was literally at the end of a dungeon and couldn't save between floors. So beyond frustrated SMH.,feedback,3
@spotifycares - daughter no longer has access to email or remember ms password to get into Spotify account. Please help. Bank account being charged and can no longer use existing account.,feedback,3
"@299660 Lamento este inconveniente, Miriam, ¿Has entrado en contacto con el transportista para verificar lo sucedido? ^AZ",feedback,1
"@AskTigogh
I've called the customer care line for more than 20 minutes but no one answered. want to share my airtime. Any assistance please",feedback,1
@452005 Apologies for the stretch. Please contact us here: https://t.co/rS49hgaADF so that we can assist you accordingly. ^BV,other,1
@DellCares Só quero meu notebook pegando bonitinho de novooo cara :(,other,1
APPLE FIX THIS FAT ASS GLITCH BEFORE I️ CANCEL APPLE MUSIC! @115858  @AppleSupport I️ WAS TOLD BY APPLE CARE!!,technical_issue,1
"@528612 Please don't provide your order details, we consider it to be personal information. Our page is visible to the public. 2/2^KK",other,2
@751970 Here to help! Send us a DM with your email address so we can assist.,other,1
@British_Airways flying to Kenya from Dublin through Heathrow operated by aerlingus. Will Aer be able to check my bags all the way through to Nairobi? Wasn’t able to  check in for Aerlingus through your website,feedback,1
"@483515 Hello again. Yes, you are correct, they have been made aware of this as well and are investigating it and working on a fix. ^HB",feedback,1
@115888 please try get London grammar’s cover of wicked games up👌👌👌,feedback,1
"@Safaricom_Care Call me,my statement is serious",feedback,1
@Delta great flight crew on DL0040 LAX-JFK. Great service and very friendly.,feedback,1
@246477 Uh oh! We'd like to assist you with this. Have you tried the troubleshooting methods here: https://t.co/PEKAdVsRh2 ? Let us know if this works! ^GP,feedback,1
@AmazonHelp So I got delivered a parcel today - was left in PLAIN view of my front door. Care to explain why? What if it had been stolen?,feedback,1
"@410367 Jeremy, Did the agent verify your current package to see if it was included?
^NHP",feedback,1
"@AmazonHelp saw your delivery person with my own eyes toss an armful of ""delicate"" packages into our building's lobby from outside. Parcels full of computer parts/Christmas gifts. What kind of people do you hire? Never seen a USPS postman behave like this.",other,3
I literally hate @116136 and their terrible service. All these updates and refreshers and you still can't get your shit together,other,1
@LondonMidland There was no information available anywhere last night. We got on a train and it stood still for half an hour whilst it filled to bursting.,other,3
Hmmmm @Delta gave my assistants full credit for their flights to Charleston but for me...full $200 charge. It’s not my fault the wedding canceled. It’s also weird that I didn’t get a full credit like they did. I even have their emails as proof.,other,3
"@586331 Sobald wir von einem Produktrückruf erfahren, wirst du als Kunde dementsprechend informiert. Gruß ^BL",feedback,1
@297714 Have done John 👍^SR,feedback,1
"Well, I was supposed to get new binoculars today. Then, at the last minute, I get this. I go out of town tomorrow.

Not cool, @AmazonHelp. https://t.co/aqInV17p82",other,3
@119962 Our apologies as we broadcast the feeds that are provided to us.  ^JRA,other,1
@385695 Hey! We’re sorry to hear that. Check out https://t.co/QHn3ok8y2n for what to do next /JS,feedback,1
@224016 We'll help in any way we can. Let's start by rebooting the device then trying the download again. Any difference?,feedback,3
@115821 your customer service is really helpful. (Notice the names and times) https://t.co/39VZ3Qlyk3,feedback,3
@665658 Very sorry to see this Carolyn - was it dispatched by Amazon or a Marketplace Seller ? ^TD,feedback,1
"@SpotifyCares Hello, I signed up for a new account and my username is a bunch of random letters and numbers. Could you please help me set it to the username I want?",other,1
@780416 Thanks. We're on it.,feedback,1
I was supposed to pick up uncle and go to @52. had to wait and book another @115873 coz Driver needed more trips. So much for #ApniGaadi https://t.co/5WH3qpOR48,other,1
"@793751 Hello Julio. My apologies for any frustrations or inconvenience. If you’d like to DM your account details (phone number and full address), I’d be happy to check into this for you. ^MG",other,1
@VerizonSupport Yeah I did on the main room but I’ll do it on the rest of the rooms,feedback,1
"@355311 If you're having issues with backing up to iCloud, go ahead and provide us with more details and we'll be happy to assist you. Are you getting any error messages? Do you have enough storage space in iCloud? Have you tried on multiple networks?",feedback,1
@XboxSupport i applied for this offer so i bought at 40% off but i haven't received the GTA cash. what's happening? Thank you.,feedback,1
@AskPlayStation ... ... ...,feedback,1
@120993 @120586 see the guard on the train.  ^JH 2/2,feedback,2
"@301290 Hello James,advice if we can contact you at this time. Kindly check your your credit balance *144#ok .....(1/2)",feedback,1
@UPSHelp It was shipped in this box,shipping_issue,1
"@688426 Hello, I'm sorry your internet is not working. Please send me a DM with your account name and phone or account nu... https://t.co/LkntwEy525",technical_issue,1
@115956 I truly apologize for the frustration this matter has caused. Please DM your service phone number or account numb... https://t.co/pcCWPPfuNu,account_issue,1
"@VerizonSupport @115990 Awesome, looking forward to discussing further.",feedback,1
"@467711 Hi Nick, if you let us know which store you shop in, we'll check to see if they stock them. Faiza.",feedback,1
@645954 Let's have you try factory resetting your console to get it to redownload the latest  1 ^RR,technical_issue,1
@JetBlue @139128 @SouthwestAir do you accept unaccompanied minors on international flights @AmericanAir,feedback,1
@243273 Oh dear-sorry Nigel! Not the best look. Please DM me your order/address so I can sort this for you - Raj,feedback,1
see @115858 came out with new phones and fucking our shit all the way up.... YALL NOT SLICK!!!!,feedback,1
@450646 Thanks for the DM. Let's continue there. ^CC,feedback,1
@sainsburys Where does this put me with regards to the dodgy avocados I bought from Sainos?  Why are your channeling refunds via  3rd party?,feedback,1
"@182937 Try clearing the data on the app. You may need to sign in again after. Also, try restarting the device. Keep us posted. ^PK",feedback,1
@AmazonHelp I have already done this three times. This is my fourth communication! You already have all my complaint details,other,1
@120173 Sorry for the miss. We'd like to help you out. Please fill this form: https://t.co/beaaDm0muc and we’ll contact you soon. ^RI,other,1
@205811 We're sorry to see this. Please contact us here: https://t.co/vlvfJr4nN9 and our support team will get this sorted soon.^RS,feedback,1
@213120 We're glad you love this perk! -Suli,feedback,1
Don’t forget your to pick up your @ChipotleTweets &amp; mention @643060 to raise money for our school 4-8 PM https://t.co/jKiz8rKosO,feedback,1
"@MicrosoftHelps I have tried uninstalling and reinstalling the game, update drivers, moved it on to different storage drives, I have the latest fall update",technical_issue,1
@690542 We've followed up via DM so please check your inbox.,feedback,1
@CenturyLinkHelp Oh yeah 14 💩💩💩years of getting screwed wasted time and phone calls and your going to the one to fix it all and get me the speed that i have been paying for and credit me all the money that I've been price gouged 💩💩💩,feedback,1
"@263929 Hello, kindly call 111 and press * and then option 5, thereafter press option 9 to speak with an agent. Kindly state the exact issue for prompt assistance. Thank you. ^AT.",other,1
@813627 So sorry for the delay! Some items can take a little longer to process than others. Two-day shipping is 2 business days after the item has been dispatched. Your email confirmation is has the best delivery estimate. ^AD,other,1
@632403 @AppleSupport Sounds like YOU need to go to Android,feedback,1
"@sizehelpteam So, if I put a Packstation as the shipping address it can not be guaranteed that it will be deliverable or is there a mechanism that kicks in? Again, for Germany that is",shipping_issue,1
@276965 It usually takes around 24 hours when converted correctly. -Sara,other,1
"In honour of #WORLDPASTADAY, I present the following scientific thread that constitutes definitive ranking of Non-Primary-Canon pasta shapes",other,1
@685864 Oh no! I'm sorry we let you down! What does the most recent order status state? You can check here: https://t.co/Y5jpI9gRhE. ^LL,feedback,1
@JetBlue Yea you will cause my Lamborghini can't fly so I'll still need you just not as much as the car,feedback,1
@Tesco Can I DM you?,feedback,1
@354054 We'd love to help!  Which specific iOS version are you using?  Does it freeze when using one specific app or all the time?,feedback,1
@697135 We sometimes temporarily remove some sandwiches during the festive period so our tasty Christmas range can make an appearance :),other,1
Hey @41092 &amp; @AskAmex - Is the American Express Centurion Lounge still operating this @342918 season?,feedback,1
@454654 https://t.co/A8uqqUEBmJ,other,1
Every night at 1 AM // @Ask_Spectrum https://t.co/mcJwr5DNKS,other,1
"@O2 Can't I just have an actual signal?? Since end of August, I've had a signal for a 2 week period on three different handsets. Nothing wrong with the mast you keep saying #RipOff #CF44 #Aberdare #Cancellation",other,1
@GWRHelp Another classic GWR shambles to start the day.,other,1
@AppleSupport ...on your discussions forum. That certainly looks like some sort of discrimination. Care to explain?,other,1
@675551 Please use link below to send your full name/ZIP/phone/account type and we’ll follow up with you. ^mm https://t.co/CoOXedUuUC,other,1
"what's up @adobecare!

how on earth do you not have an option to switch from paypal to credit card

it's 2017

i'm embarrassed for you",technical_issue,1
"@254686 To be immediately connected with our Critical Response Line, click the ""Call Me"" button and enter your number at https://t.co/93jojKlTCK.",feedback,1
@Delta Actually it's the only flight on the CHI airports schedule tomorrow that is delayed.,other,1
"If I lower by @115783 rate by 10% ($90 to $81), I'll get 8% more bookings! Algorithm fail @AirbnbHelp https://t.co/9oVUyhKTjS",technical_issue,1
"@184458 Hello, I would be happy to assist you. Please send me a DM. -Katie",other,1
@482461 Sorry for the trouble! Send us a DM with your email address and our team will follow up.,other,1
@VirginTrains Is this a free phone number?,feedback,1
@744791 That sounds like a delicious Thanksgiving. -AC,feedback,1
@sprintcare wait just in case u don't have my number 4155722476 don't say u don't have my number,feedback,1
@AskPlayStation can't find my account on ps live chat,account_issue,1
"Hey #Apple, how hard is it to get the damn weather widget to update correctly on #iOS11? Like it can't be that hard right? You're sitting on $256B in cash so hire some better engineers. @116333 @123857 @AppleSupport",feedback,1
@ChipotleTweets y’all literally paid someone to call me and leave a voicemail requesting further discussion of the noises my stomach made while digesting,feedback,1
@124433 @116245 This has happened to me too x,feedback,1
"@hulu_support Thanks for getting back to me. I’m using my PS4 with a wired connection, trying to watch #Runaways. Tested my download speed (90Mbps and ping 8ms). Had the same issue on my tablet and laptop.",feedback,3
@AskPlayStation hey my buddy is having a problem with his account he cant play any of the game he purchased and he keeps getting a error msg (NP-34993-8),feedback,1
@183930 I'm sorry for the frustration! Can you give us a link to it and let us know which track is wrong? ^JF,feedback,3
"@137605 @AmazonHelp Ya he puesto queja a Amazon del servicio tan lamentable e inadmisible que dais. La próxima compra que lo entreguéis vosotros, la cancelo.",feedback,1
"@AmazonHelp OK, thanks",feedback,1
"@153056 Hi @153056. I can help you with your account details. Can you please send me a DM with your full name, services address, and phone or account number, please?-MAR",other,1
@62826 @115817 Um wtf?,other,1
@AppleSupport IOS 11.02 killed my Safari!! And my phone keeps crashing. Very unhappy,feedback,3
"@SpotifyCares thanks guys. I was wondering why my Sportify process was running a lot higher than normal. Changed to a different soundtrack and was fine. Does it only do it for the official soundtrack? So if I create a playlist of the OST, it won't do it?",other,1
"@381332 Por favor, mantennos al tanto. ¡Saludos! (: ^CR",feedback,1
@AskCiti Any update on the issue?,feedback,1
@McDonalds Treat #Halloween #TrickOrTreat,feedback,1
@642504 Hi there! I'm sorry to hear that we didn't get back to you fast enough. Please send us a DM with some more details about this! ^GH,feedback,1
@Delta Then the gate I'm supposed to be at says this and and the flight board at the gate doesn't list my destination https://t.co/atIdOZL6Lb,other,1
"@697076 Hi there! As you purchase the ticket from AA (and bought the ticket codeshare with them), it will not be shown into your account in Cathay Pacific. Moreover, if you need any assistance on seat selection, we are happy to do so:) -Dan",other,1
"@268322 Hey, please try again using this link https://t.co/0FE0wlbF4R or by calling 1-800-Sprint1. Hope this information is helpful to you. -AS",feedback,1
@BofA_Help Yes!!! I DO!!!,feedback,1
"@733108 Sorry for the delay, I had just replied to it. Thanks for letting us know. ^MG",feedback,1
@Tesco Tesco called me to check my derlivery was ok,feedback,1
"@Uber_Support  Hi, I'm unable to add the promo code to my account.Please assist.Thanks.
Regards",feedback,1
@629848 ... store checks for anymore on the shelves. Robbie 2/2,other,2
@DropboxSupport on windows 10 desktop before there was a green tick to show connected.. now what with 37.4.29? Connected or disconneted same,feedback,1
@331599 We're sorry to hear about the frustration! We'd recommend leaving feedback here: https://t.co/Ub2WjDyEcS  ^JA,feedback,1
Another journey to hell with @GWRHelp this morning on short formation 8:26 Severn Tunnel to T Meads.  £1600 pounds a year to be treated like cattle #jokerailway #unsafe #ripoff,other,1
@AppleSupport Current: iOS 11.1.2,feedback,1
@British_Airways having to unpack my luggage to a lower weight limit as got moved from business to world plus! Not impressed!,other,1
@582459 We are here to help anyway we can. We'll be glad to take a look into this for you. Please DM us the claim # or mobile #. ^AW,feedback,1
@AmazonHelp I offered to buy a new one as long as this one got refunded and I got “it’s out of warranty” even tho it’s been less than a year,feedback,1
@574849 I would be happy to look further into this for you if you would provide your full address and account associated phone number in a DM. -JW,other,1
@338919 Hello! I am sorry to hear about your seat arrangement. A decision was made by that individual to purchase a seat and we have no... 1/2,feedback,1
"@623781 On Demand content is provided by the network. Availability, pricing, and broadcast are subject to their discretion.​ -NFM",other,1
@115913 check out this awful support thread I’m on with T-Mobile right now ... ugh,feedback,1
"@UPSHelp Ok forget it. I finally got a THIRD PERSON on the phone, and they told me it's lost and there's nothing anyone can do. This is very expensive medication! I will get sick now! Unacceptable @115817",shipping_issue,1
"@254479 Hello there, please send us a DM if you currently need assistance.Thank you. ^RN",other,1
"@Safaricom_Care kindly explain how my mpesa balance is Kshs 0.75

I have never withdrawn 25cents",feedback,1
@185752 Please don’t provide your order details as we consider them to be personal info. Our page is visible to public. ^RB 2/2,other,2
"Its ya boi, “Adobe Premiere Pro Has Crashed”, here to ruin the party ayyeeeee.",other,1
"@483664 We're sorry to hear this, Sarah. Please could you send us a DM so we can look into this further? Thanks.",feedback,3
@AskPlayStation I'm getting an error on my ps app then this msg HELP. https://t.co/VGUQAzcsrV,feedback,1
"@391825 Thanks Ali, we'll pass this over to our friends at @120576 for you 😊 ^HP",feedback,1
@332932 By April you will be able to upgrade your device. -DV.,other,1
@AskLyft the app will not display the price,other,1
@573466 Sprint is always working to improve the network. Congratulations! -FR,feedback,1
@116245 Does this come with a 5-year-warranty?,other,1
"@277562 Oh no! If the steps at that link and Incognito/Private Mode don't work, call/chat for a closer look: https://t.co/6YdK7bvQN7.",other,1
@572941 That's not the experience we want you to have with the new updates. What model iPhone do you have? And could you provide some further details regarding how the keyboard is acting?,feedback,1
@TMobileHelp I need to xchg my 🍎watch 3 LTE. Asks if I want to keep cell plan at unpairing. What should I do if I will be using new watch?,feedback,3
@421963 Happy to follow up! Contact us via https://t.co/tv4psVy8sr so we can connect.,feedback,1
@553688 handed in. ^BK 2/2,feedback,2
Hey @Delta! Quit moving my damn flight! 3 gate changes in 10 minutes from end to end of ATL is not cool.,feedback,1
"@201880 @201879 @British_Airways That’s his forte, isn’t it?",feedback,1
"@596338 I'm so sorry that your order was late, Kelly. What time did it arrive? Can you please DM your full name, address &amp; email? TY - Emma",feedback,1
@128448 @Safaricom_Care I have not received any acknowledgement from Kenya Power. But you have my mpesa message in one of the DMs that I had sent to you.,other,1
"@115851  Sir, bad experience from Amazon whole India team, from 27th nov they are unable to deliver the product. and they don't have any information of product....very very badly experience",feedback,1
Why choose boring when there’s bling? Get incredible deals on jewellery at the #AmazonGreatIndianFestival #KaroMilkeTayyari https://t.co/It0yuOMSum,other,1
"@Delta @470041 Lordy, I hope there are tapes!",feedback,1
@Delta Now I'm trying to find out the status of my bag. The form they gave me at the desk says hours 08h00-22h30 daily. I called and they close at 10pm. Correct me if I'm wrong but 10pm would be 22h00 right? I'm guessing promise of bag tonight is over/done too?!?,feedback,1
"@133361 Hi Jess, we've no timescale right now for your device but our list of Wifi &amp; 4G Calling compatible handsets continues to grow. It may help to check upgrade options in MyO2 - you can upgrade to the latest devices anytime with O2 Refresh.",feedback,1
"Who else gotta 8plus that has malfunctions, my shit just cut on and off outta nowhere freeze up all type of dumb shit #Iphone #Sprint",other,1
"@115940 how on earth is Guess Who, starring Bernie Mac and Ashton Kutcher, related to Thomas and Friends: It's Great to Be an Engine?! 🤔",other,1
@306379 Have you filled in the form as requested earlier? ^RW,feedback,1
"@AskLyft is there a way to report, or are there repricussons for drivers who intentionally avoid picking you up once the ride is accepted?",feedback,1
"@642722 Oh dear! To clarify, where did you purchase the console? If it was purchased recently, exchanging at the retailer may be quickest, depending on the retailer's exchange policy. ^QZ",feedback,1
@638497 It's pretty right?!,feedback,1
This autocorrect glitch is killing me @115858 @AppleSupport please fix it soon! #fixtheglitch,technical_issue,1
"@550588 Hey! Don’t worry, we can help. What’s happening exactly? Can you let us know the device/OS you’re using? /TF",other,1
@AppleSupport My browser kept having pop up ads appear every 2 minutes but I discovered I had a bad extension enabled. Its back to normal now,feedback,1
@comcastcares how about you give us our money back?,feedback,1
@AppleSupport apps wouldn’t update after updating to ios11.1 in my 64gb SE.. now it’s been. Almost 12 hrs https://t.co/8Fga8fyGhE,feedback,1
@118572 That's strange. Both Redlands locations have online ordering turned on. Maybe try logging off and logging back in? -Tay,other,3
@ChipotleTweets when are going to open new branches in SaudiArabia#,feedback,1
"@408658 That's awesome to hear! If you run into any questions with your console, feel free to send them our way. :)   ^JA",feedback,1
@347560 Eek! Our sincere apologies. Let's try: https://t.co/HiTFsfb2rK. Call or chat us if still occurring (https://t.co/6YdK7bvQN7).,other,3
@GWRHelp i am unable to stand as iam disabled. I have a standard ticket how much will you rob me to be able to sit in the empties in first ?,feedback,1
@115821 love that this #bath bomb advent #calendar had someone so desperate for a #wash they stole day 18 !!! https://t.co/tTd3bVBuFN,feedback,1
@DellCares @713047 attached it a pic of a supported D830 adapter. Please compare and decide accordingly. ^JKC https://t.co/q4s9fGdoPN,feedback,1
@AmazonHelp just received a Christmas gift book like this! Can I get a replacement? https://t.co/SEVkT4AwI9,feedback,1
"@MicrosoftHelps every time i turn my Surface Book on, it does the face recognition but then it just stops in the page that says ""Hello Ramiro"" instead of proceeding to my home screen. This started yesterday after i downloaded the Windows 10 Fall Creators Update",other,1
"@200264 Please don't provide your order details, as we consider it to be personal information. Our Twitter page is public.​ ^RW",other,1
@331032 Hi Victoria. I'm sorry to hear that happened. Can you DM your customer number so we can have a look? ^Heather https://t.co/rYq25s2Pfj,feedback,1
@SouthwestAir I fly southwest all the time now for new work position and for all my personal trips.  It was unacceptable how I was treated.,feedback,3
@AmazonHelp They must be fired,feedback,1
"@Safaricom_Care Your customer service team are sweet,  eloquent  and coherent to the needs of your loyal customers as articulated by them.",feedback,1
"@306919 Please click on the following link to enter a secure chat with an agent. https://t.co/LIt3PzskWC
^TXA",other,1
@VirginAmerica They haven’t responded in over 2 weeks.,feedback,1
"@185788 We're keeping a close eye on the storm and if we have any updates to our alert, we'll be sure to provide details on that page.",feedback,1
@456656 This doesn't look right! Could you send us a DM with your order number and cafe info so we can help make this right?,feedback,1
@182216 We're sorry to hear that!Please contact us here: https://t.co/rS49hgaADF and we'll do our best to assist you accordingly.^SU,feedback,1
@ChipotleTweets Ya it’s pretty sad in here,feedback,1
"@166035 Thanks for writing back! Did you mean this documentary: Showgirls: Glitz &amp; Angst, which is available with our HBO add-on?",feedback,1
"@634029 We got you, fam! Are you already on our T-Mobile One plan? Send us a DM so we can hook you up, Kai! *TerriL",feedback,1
Definitely verified my decision to never stay at a @117164 when the front desk at LAX had horrible customer service.,feedback,1
@Morrisons will you be bringing back the 3L Jack Daniels this Black Friday 🤤#betterbuy,feedback,1
"@296960 Hi, I would be happy to help look into the billing. Can you please send me a DM with your acct# or phone# so I can assist you? -CLR",billing_issue,1
"@181901 I'm sorry for any inconvenience, is there any incorrect tracking update with this order?  ^MJ",feedback,1
"@665800 We're sorry for the wait, Jennifer. Out team strives for consistency across the board, we're sorry for any confusion.",other,1
"Pathetic service by @115821  have placed this order 2 mnths back Still no idea where it is""WHEN YOU CARE ENOUGH TO SENT THE BEST""all bakwaas https://t.co/uRrkBdN7vG",shipping_issue,1
@326532 ^MR https://t.co/9mp1GJe8Hj,other,1
@SpotifyCares Low power mode is working for now. Will do a complete device reset after I can it up and reach back out.,feedback,1
"@751432 I understand your concern regarding the refund, please contact us here: https://t.co/rS49hgaADF so that we can assist you accordingly. ^SU",feedback,1
@193723 Thank you for the kind words Ilse! We're always happy to help 🙂,feedback,1
@115714 ...for us to own them. That is the worst customer service and lease I have ever seen in my life. Fix this now.,feedback,3
"@553428 We're showing the delay is due to late equipment arrival, but there may be other reasons that have not been updated in our system just yet.",other,1
3 bars. Thanks for nothing @115714 !!!! 😡😡😡😡 https://t.co/jZeu6FdCSa,other,3
@362745 @115913 All of our current customers can take advantage of these wonderful offers - I see your DM and will meet you there. https://t.co/93XwcSKFIy *RayButler,feedback,1
"@245110 Apologies was in a meeting, please try now. ^RK",other,1
@AmazonHelp how many times do I fill it .. I just filled it an hour back.. mr VM.. @115821 stop this shit ..tell ur robots to atleast cross check,feedback,1
@nationalrailenq Is this helping me reset the password for my account? I know what services you provide.,feedback,1
@162949 Feel free to DM us if you'd like us to look into anything for you.,other,1
@617855 Only selected shops have them Dev. Which area are you in?,feedback,1
"@AppleSupport yeah when i’m talking on the phone normally but if i want to put it on speaker phone, it doesn’t work. also my phone freezes multiple times",feedback,1
@570044 Hi Alice. Pls follow/DM your confirmation code or tkt # to learn more. *TKR,feedback,1
"@811457 You can find things like this and many more on Tesco Direct :) #EveryLittleHelps

https://t.co/UgXOgPPemN",other,1
I do love me a mince pie🎅🏼 couldn’t decide which ones to get so I bought both☺️ @91931 and @Morrisons it’s a 👍🏻 from me 😋 #GlutenFree #MilkFree #Coeliac https://t.co/ztimMDLrf1,feedback,1
@VirginTrains @96579 @722264 Cheers. I’ll be back onboard tomorrow night. Keep the seat warm for me. 👍,feedback,1
"@194983 We apologize for any inconvenience this may have caused. We'll document your thoughts about this issue. If you have any other questions, please let us know. ^JW https://t.co/znUu1VJn9r",other,1
@AmericanAir Natasha at B30 Baggage went Above and Beyond to find my bag today!  #TeamAA #happy,feedback,1
@Tesco Very helpful. Thank you Peter.,feedback,1
@346407 Let's take a closer look into this in DM. Send us a message and we will follow up there. https://t.co/GDrqU22YpT,other,1
@119625 @3643 You should provide Hindi audio too.,feedback,1
"@279539 If the ticket is booked through expedia, they will have to amend the name on the ticket Simon. Hope this helps. ^Pip",feedback,1
"@AirbnbHelp You bet, cheers!",feedback,1
"@nationalrailenq And these, from March, If I didn’t lose my phone there would be more. But here’s what I will do... https://t.co/Bjzg2esyf8",other,1
So... this was supposed to be @115888 but I’m lame,other,1
@266694 What makes you say that?,other,1
"@AmazonHelp Ya lo hice, ojalá pongan a personas que entiendan mejor el castellano para no tener que confirmar una petición por correo.",feedback,1
@115714 Maybe/ hopefully @sprintcare can help me!,feedback,1
@613318 Hey there! Can you send us your account's email address via DM? We'll take a look backstage /LR https://t.co/ldFdZRiNAt,other,1
@Uber_Support @115873 @Uber_Support Would you kindly connect me to someone on your support team that can help? Thanks.,feedback,1
"@AmazonHelp Yes it is Amazon fulfilled, it's got an Amazon fulfilled symbol next to the price",feedback,1
"@127052 Hi there, sorry about this. Could you confirm the store you usually shop in? I'll check on this for you. Robbie",feedback,1
"@614524 If it doesn't, you can make your booking with our Sales team. You can find our contact details here: https://t.co/rZMRkY5Hnf 2/2 ^Liz",other,2
"@Uber_Support Only concern is plz give priority to first booking and female passengers atleast in night hours. And writing a long note/registering and singing up a account is tidious process, can't help wd ur old orthodox methodology",other,1
"@ArgosHelpers Thanks, Do you know if you can use the Argos card in the Quick Pay kiosks? Thanks Simon",feedback,1
@AmazonHelp I received a notification on one of my orders stating that it was in my town's distribution centre and now it is gone and the delivery date has changed from today to either the 6th of December or the 7th. What is going on? https://t.co/k7nkycXjOj,feedback,1
@199643 You're welcome!,feedback,1
"@AppleSupport my music isn’t responding to my earphones remote, I’ve restarted my phone 3 times",feedback,1
@LondonMidland It wasn’t necessary. Maybe you can ask passengers what they thought. I watched the whole thing and it was in no way needed,other,1
Dear @115821 either make it true or stop playing with my emotions 😭 https://t.co/VBLB9oZHZK,feedback,3
@408657 Hi there! It seems you are having problems with your data service. Please DM us to further assistance. -L.D.,feedback,1
@ArgosHelpers No thank you Chantelle,feedback,1
@AmazonHelp Oh n here’s my original order https://t.co/8ZyT9kS2GE,account_issue,1
@119158 when I place my driveThru order at 615 n by 630 not only have I not got food but neither the 3 cars in front of me YOU have a problem,feedback,1
@387465 Bon Appétit! 👨‍🍳 -Brian,feedback,1
"@515932 Alright, got it. We'd like to look into some additional support options for you. DM us with the country you're currently in. https://t.co/GDrqU22YpT",other,1
@O2 Said she could pre order my phone as I’m trading in my old one. I explained that you can pre order online and trade in when you collect new,feedback,1
"Hello @SCsupport. No matter which button I press, I can't get past this resubscribe page. Please help https://t.co/EIacg7ac7H",other,1
@590340 We're here to help. Please DM us on how we can be of assistance. ^JW https://t.co/znUu1VJn9r,other,1
"@700661 Hello, if your billing cycle changed at all then there is a reason. I would like to help you with this, please se... https://t.co/0781vHyNyQ",feedback,1
"@GloCare Alamu strt, alimosho LGA, 4 days nw, 08124472856",feedback,1
"@XboxSupport the adapter would have to come free with the new console or be free for Xbox One users.
And there is no stock in stores .",feedback,1
@808256 That's troublesome. Please provide more details here: https://t.co/Ax7W1Dx3Y9 -Becky,other,1
@687112 We will extend our 4G/Wifi calling compatible handsets. 3rd party calling/messaging apps may offer similar functionality.,other,1
"@125223 Hi, Michelle! We'd be happy to take a look. Please DM your Rapid Reward account number. ^JB",feedback,1
Hey  @115821 When your PROMISE to deliver a pkg in 2 days it should arrive ON THAT DAY short of a natural disaster of which there were none.  So mad you let me down again... Do NOT PROMISE DELIVERY DATES YOU DO NOT HONOR!  Shame on you.... #BoycottAmazonForChristmas,feedback,1
"@comcastcares I hv been on the phone since 7am.
My equipment has been checked, nothing is wrong",other,1
Hey @115858! Wann fixt ihr endlich das iOS 11?,feedback,1
Our @124107 train has randomly stopped outside Edinburgh meaning we will miss our 9pm connection with @VirginTrains and our tickets are only valid on that train. Help?,other,1
"@DellCares Sent my DM over 30 mins ago about overcharging my CC and shipping me items on cancelled orders, I think this would be high priority to resolve, especially when you're dinging my card for 4 monitors and 8 monitor arms that I don't want!!!  @DellCares Not",shipping_issue,1
"@270623 Hi Antonio.  We're sorry you're having problems combining your Avios.  Unfortunately, all the information on each account has to match exactly as the other.  If not, then you won't be able to do it. ^N",other,1
"@407897 I certainly understand your frustration! Just to confirm, which Amazon marketplace did you order from? (.com, .co.uk, .in) ^HC",feedback,1
"@UPSHelp PMed you, it was no good. Called you, got no options. UPS is not a good company and I am sad that 1.5 hours of my life were wasted dealing with your incompetence.",feedback,1
"I ordered a ride and it showed an estimate of 1,100-1,400 Naira for the ride. 
Driver calls me to say there is a surge of 1.5 on his side. I asked if it was on Lockito or the same Uber app I used to book my ride? He kept mute.
@115873, don’t allow @4018 spoil your brand.",feedback,1
@349335 Hi the reversal has already been initiated ^ED,feedback,1
"@294923 Thanks so much, Ann! We're glad to help. Everyone affected by Hurricane Maria needs our support so desperately. -Zoe",feedback,1
"@415916 Hi Andrea, we're sorry to hear this. Could you please DM us your Airbnb email address, so we can best assist you?",other,1
@SouthwestAir I bought early bird checkin but I never got checked in. Can you help?,feedback,1
"@760776 We know how important it is for your iPhone to work perfectly. DM us, and let us know what's going on with your iPhone. We'll help. https://t.co/GDrqU22YpT",feedback,1
ALSO my manager @ChipotleTweets terminated my position and did not accept my leave of absence like I was told would be granted. How nice!,other,1
"re: my broken phone
i have made 17 different calls trying to figure out the tmobile claims process
like help me @115913
ur my only hope",feedback,1
@AskTarget So much for that. Box is gone,other,1
🙄 @116136 https://t.co/T5Ib2cFOsV,other,1
"@292681 We're chasing the team at this end Laura, but you can always reach them directly on +44 191 279 4604. ^AR",feedback,1
"@598720 Hi, Travis. That's a great question. Please be sure to reach out to @120944 for more information on their program. Thank you for tweeting us.  *ATJ",feedback,1
"""Ordered 2 thin crust pepperoni pizza, showed up cold &amp; burnt crust!..."" Read #onlinereview about @116076 pizza: https://t.co/aXYl9iLART https://t.co/JmFnvMYajc",feedback,1
@AmazonHelp Cómo lo puedo saber?? 😓,feedback,1
"@MicrosoftHelps Busy with work, haven't had time to try yet.  Will get back to you when I have.",other,1
"@824 oy, flight redirected from Hong Kong to Narita last night due to electrical issues. Lost a day at home...#planestranes",technical_issue,1
@sainsburys just had a sandwich with stuffing that tasted foul. Must had been off!,feedback,1
@Safaricom_Care Thank you be blessed,feedback,1
@365217 Please call us at 800-444-4487 and our consultants will help answer your coverage questions. ^KF,other,1
"@118625 ended at 18:30 minutes and seriously 3 cars in line... better call up clinton twp, mi 027361 and ask them why they're failing... https://t.co/b7WJk2pX3A",feedback,1
@British_Airways One final question today. When can we expect the next BA sale ? Thanks.,feedback,1
@115888 please create a “blocking feature” of some sort to block other users and to protect your users and their privacy.,feedback,1
@ArgosHelpers Been waiting but no response 🙁,feedback,1
@116062 I bought an item this weekend and price matched in store. It's now $12 cheaper online plus 15% off. Is there a way to get the refund in price?,feedback,1
@AirAsiaSupport  i have no time to follow up as im working at retail. Things been dragging for almost 1 month. Please and  Thanks!!,feedback,1
"@301332 Hi Annie, then phones are extremely busy at present. Are you still on hold? ^Sam",feedback,1
"@594740 I'm very sorry Lydia, when you've reported this to the Police please be assured we'll fully co-operate with any investigation. - Leah",feedback,1
"18:27, flight AA927 doesn’t take off ! Captain said: sorry there is a lot of traffic, but the realit is (look at the picture) @AmericanAir https://t.co/rKPd6qAq9h",other,3
@sainsburys a bit too ripe and ready for my liking. Just brought them yesterday #brunchruined https://t.co/ISzrS8RTyg,feedback,1
@AskTarget I usually shop at the Clifton location. Are there any plans of a wider selection during the holidays?,feedback,1
@127454 Anytime! It's a pleasure sharing the skies with you. :) ^BL,feedback,1
@nationalrailenq How do I get there from Watford junction?,feedback,1
@AdobeCare me ha robado seis días!! Solo un día de uso y ya me pide comprar photoshop.😡😡😡😡😡,feedback,1
"@AmericanAir When YOUR employee tells me I shldnt look at them because they are usually wrong, might need a new plan. Happy Thanksgiving you as well",feedback,1
@703331 @AmazonHelp @429430 😂,feedback,1
@158557 (*´-`).｡oO(ごゆっくり、お楽しみくださいませ～(^^♪)TY,feedback,1
"I’ll say this, @115900 has shitty internet services &amp; pissing me off",feedback,1
"@AppleSupport the new IOS broke my phone.  Can’t active iMessage and I tried all the how to’s already. Wtf, fix this.",feedback,1
"@650562 It's never too early for mince pies, Kate!",feedback,1
@SpotifyCares When listening to my downloads offline. But the songs still skip whether I'm on Wi-Fi or not.,feedback,1
@O2 You could Speed up my upgrade 👀😁,feedback,1
"@251978 Hi Marco, we don't renew the warranty ourselves. If you decide to renew this then the offer comes from Domestic and General. If you get in touch with them, they'll be able to advise if you have a live warranty contract with them. - David",feedback,1
@165376 Sorry to hear that you were disappointed with your meal. If you'd like to tell us more please send us a DM ^KR,feedback,1
"@451347 Hi there. Please follow us on Twitter and let us know once you do, so we can send you a DM.",other,1
Need a trip to Portland asap🍂,shipping_issue,1
@163155 That's troubling to hear. Please contact https://t.co/nrhUDiEk7G so we can investigate. -James,feedback,3
"@227000 Hi! Allow us to look into this.Please send us a Direct Message, so that we can further assist you. -IC",other,1
@SpotifyCares @352401 Do you really care?,feedback,1
@392747 Once we have this we can look into this for you. Thanks - Sean 3/3,other,3
@820731 Heya! Let's power down the console and unplug it for about 5 mins then reboot and try again. ^JL,feedback,1
@VirginTrains hey I'm on the 1633 Euston to Preston service and the best in coach c is unbearable is thete anything you can do it's so busy we cannot get to the train manager thanks a million 😰😰,feedback,1
@499045 No worries! Let us know if you need us again /NS,feedback,1
@BoostCare ANY news on IPhone X release?,feedback,1
"@389702 Hey! This isn't possible at the moment, but you can help make it happen by showing your support here: https://t.co/snIzzj29Vz /NG",other,1
@775896 @775894 @ATVIAssist @775891 As long as you download the cloud data to your system storage it will be fine. If this doesn't work delete the system storage profile info and redownload the cloud one,feedback,1
"@AmazonHelp Help! I ordered ""Wonderful Wonderful"" by The Killers on vinyl with #amazonprime and you sent me this?!? Now what? #fail https://t.co/Z1EcTWdUCK",feedback,1
@AmazonHelp What is the next step to get a reacement ?,feedback,1
"@NikeSupport oh sorry, i mean iOS 11.0.2 😬",feedback,2
@317830 We'd be happy to look into this with you by phone at the link that ^CL provided above. Please keep us posted on the outcome. ^JM,feedback,1
"@562343 Sorry about this Jess, is there something we can help with? If you DM us using the link we'll try our best to help. Faiza. https://t.co/MdMtnTlX6H",other,1
@AskLyft Still no response from tech support,technical_issue,1
@Delta I checked in curbside and it magically dissapeared after...☹️,other,1
"My internet is down, fix it @Ask_Spectrum",technical_issue,1
@561661 We know how much we love to use apps on our device. Reach out to us in DM to let us know what's going on: https://t.co/GDrqU22YpT,feedback,1
"@391357 It's a bit different because it doesn't have artificial additives and preservatives, but I'm sorry it disappointed. -Tay",other,1
@AskPlayStation hi im already have an account but when i want to sign in it tell me i need new online id why is that?,feedback,1
@298838 Hello! Can you please DM me a screenshot of the page you are experiencing? Thanks! ^YG,other,1
"@129941 did the latest iOS update break background playing? It stops every time I leave the app. Tried restarting, closing, powering down...",feedback,1
@529524 Possible options https://t.co/4gldMJD8pQ 2/2 ^TJ,other,2
@NortonSupport ありがとうございます！,feedback,1
@Uber_Support I bought a Uber voucher off Groupon Aus. I am trying to use it but it says Promotion codes are not available for this account,feedback,1
#ios11 is the worst @115858 OS update since when Snow Leopard started deleting system users,feedback,1
@341273 You're more than welcome!,feedback,1
"@115913 Please help! I'm unable to manage my t-mobile account online due to an error which persists, I have made numerous calls to support who tell me to wait 24 hours after each call and still face the same problem. https://t.co/YIKS16bDMb",feedback,1
@494805 Not all heroes wear capes! We love to hear positive feedback and it will definitely be passed along! Please let us know if you don't receive the e-mail. ^HS,other,1
@AskPlayStation Hola! Otro método para solicitar desactivación de consola? https://t.co/yVwwFZeMFF,other,1
@363256 Please allow us a moment to review. Team @116447,feedback,1
"@365620 Hi Sarah, thank you for getting in touch, I'm sorry but this promotion isn't available in Scotland. 1/3",feedback,1
"@144108 Olá, Sky! Conte para nós, quais produtos você comprou?. Ficamos curiosos. 🤔💛 ^NB",feedback,1
"@813911 We'd like to help! You can reach us by phone, chat, or e-mail here: https://t.co/hApLpMlfHN. We're still here if you need us! ^KJ",other,1
"@334528 Thanks for the heads-up. If there's anything else we can help with, just say the word. We're always a tweet away /MT",feedback,1
#Dreamteam almost all together again this month... ❤️❤️❤️ #ungrounded @British_Airways https://t.co/UJABZhFDEi,other,1
@ChipotleTweets I️ have spoken with a manager. They said it wouldn’t happen again. It’s happened twice. Post conversation.,feedback,3
"@414223 ¿Cúal es el error que estas recibiendo? 
Por favor brindanos más detalles acerca del problema.",feedback,1
@195380 Let's look into that. Send us a DM and we'll go from there. https://t.co/GDrqU22YpT,feedback,1
@AppleSupport please explain why I pay for Apple Music but it says I’m not a member???,feedback,1
@AmazonHelp Please help to resolve the problem. #Amazon,feedback,1
@796257 Hi Gerbrand. which OS are you using? Has this error happened before? Are you using any font management software on your computer? ^SV,feedback,1
"@188213 Aria, ¿has verificado la siguiente información? https://t.co/fxcvP5cSQc ^VL",feedback,1
"@549163 @115913 It's important to us that you're taken care of, Kerri. Please DM us what's going on. We're here for you: https://t.co/cuEwtd2epS *DanKing",other,1
@Uber_Support Do I get my free doughnuts?!! That's the important question..,feedback,1
@Delta @474886 Help. SEA is either shut down or they have forgotten we landed an hour and a half ago,feedback,1
@148424 Glad to hear it has since been resolved. We're here if anything else comes up.,other,1
"@247477 Dear Rudraksh, thank you for reaching out to us. We would like to inform you that you will be notified through our social media pages once the ColorOS3.2 update is available for OPPO F3. https://t.co/8mhSebgBFk. #staytuned

Rishi",feedback,1
@404650 Thanks for the update. DM the country or region where you are currently located. https://t.co/GDrqU22YpT,feedback,1
"@GWRHelp It's still a ridiculous #ripoff 
£10 admin fee to cancel a ticket in order to buy another identical ticket",feedback,1
"Also wird das Spiel doch nicht mehr heute verschickt??? Langsam echt frustrierend, da schon 22 Uhr 🙃 @116316 @AmazonHelp",feedback,1
"@AskTarget Shoot Target, I KNEW that! Is it available anywhere in the country at all is what I’m trying to find out!",feedback,1
@NeweggService Just sent message,feedback,1
@ATT @117735 your support person named CJ advised he was going to call me with a solution to my issue but two days later no call. Kudos to your customer service. Smfh,feedback,1
"@MicrosoftHelps Hi, I've just updated to Windows 10 1709. How to get rid of these empty spaces in File Explorer (tiles view)? https://t.co/0hcmYYi1u5",feedback,1
"@586102 charges on your card, so we can investigate. We use a third party company to process payments, but we can ask them to look into it. 2/2 ^KP",other,2
@Uber_Support it doesn't tell me how to submit my background checks how do I do that,feedback,1
"@456739 You're welcome, Chris. You know where to find us in case you need more help.",feedback,1
@588254 If you're on a qualified plan. What plan do you have now? *NaeJ,feedback,1
@762166 Yay! That is wonderful!,feedback,1
Either the merchant or @115817 is scamming @115821 by sending a 2 day package in 3 days. Over promise and under deliver,other,3
"@247880 Cathy, a Big Mac on your #BigNightIn sounds great to us! Thanks.",feedback,1
@532401 Oh no! I'm sorry about that Nathan. Please reach out to GoGo using the link provided.  https://t.co/y4wNBEQRCb  *TCH,feedback,1
@733429 We'd like to check on this for you. Please follow and DM us at your convenience. ^DDD,other,1
122/273 omg @AmericanAir is still going to have their flight attendants read ads for credit cards even on super late flight won't they?,feedback,1
@O2 yep! But I would like tickets for an event in Dublin? Is it possible when I've a UK number?,feedback,1
.@Uber_Support How do I leave feedback on a Pool trip?  The driver was excellent so I did that but the ROUTE was RIDICULOUS.,feedback,1
@askpanera I didn’t escalate anything to management I just waited,other,1
"@AlaskaAir Just got married, need to change the name on upcoming flight tickets AND on my mileage plan! What should I do?",feedback,1
@444959 Sorry to hear about the trouble! Please visit https://t.co/kGIXas5Cxg so we can sort this out.,feedback,1
"@495914 We’re glad you reached out, we’d be happy to help with your iPhone! Let us know what kind of issues you’re having with your photos in DM. We’ll continue working with you there. https://t.co/GDrqU22YpT",feedback,1
@VerizonSupport My former roommate just cancel his internet instead to wait until my service be ready. I can’t be without internet. I have to work :(,feedback,3
"@510248 ... If the problem continues, please call 1-877-879-2495 for further support. Thanks. ^TL",feedback,1
"@582682 Good morning. I apologize for the delayed reply to your post. As of this time, are maintenance updates being perf... https://t.co/Rpiw4i3Tx4",feedback,1
@196044 I'm sorry to hear about the trouble! We'd like to help. Which device are you using to access Amazon Video? ^HC,feedback,1
@115873 it has come to my attention that one of your drivers stole my friends wallet,feedback,1
